,Date,Open,High,Low,Close,Adj Close,Volume
0,2016-01-04,10.76,10.81,10.58,10.7,8.777983,14209900
1,2016-01-05,10.76,10.81,10.65,10.72,8.794394,9529200
2,2016-01-06,10.51,10.65,10.48,10.55,8.654929,7561600
3,2016-01-07,10.32,10.44,10.18,10.23,8.392409,13056000
4,2016-01-08,10.4,10.4,10.02,10.05,8.24474,12049200
5,2016-01-11,10.14,10.19,9.98,10.1,8.285759,12756200
6,2016-01-12,10.18,10.21,9.97,10.18,8.351391,11974700
7,2016-01-13,10.22,10.25,9.72,9.75,7.998628,15425600
8,2016-01-14,9.82,9.92,9.55,9.85,8.080668,13622400
9,2016-01-15,9.55,9.61,9.38,9.58,7.859165,14389000
10,2016-01-19,9.78,9.78,9.42,9.48,7.777128,10383500
11,2016-01-20,9.26,9.32,9.02,9.26,7.596646,25958500
12,2016-01-21,8.74,9.37,8.57,9.0,7.383351,21720100
13,2016-01-22,9.09,9.23,9.06,9.15,7.506405,12855800
14,2016-01-25,9.09,9.15,8.79,8.8,7.219277,71293800
15,2016-01-26,8.23,8.38,7.83,8.05,6.603997,88356100
16,2016-01-27,8.11,8.5,8.04,8.26,6.776275,37448900
17,2016-01-28,8.35,8.54,8.28,8.48,6.956758,27980100
18,2016-01-29,8.5,8.58,8.42,8.58,7.038794,16369200
19,2016-02-01,8.56,8.73,8.46,8.64,7.088017,18784500
20,2016-02-02,8.54,8.54,8.35,8.41,6.899331,21717900
21,2016-02-03,8.46,8.57,8.12,8.52,6.989571,22003800
22,2016-02-04,8.48,8.79,8.48,8.67,7.112628,20033700
23,2016-02-05,8.69,8.8,8.53,8.58,7.038794,15985600
24,2016-02-08,8.5,8.52,8.25,8.41,6.899331,13434500
25,2016-02-09,8.29,8.55,8.27,8.45,6.932146,16447500
26,2016-02-10,8.52,8.6,8.33,8.37,6.866516,12602000
27,2016-02-11,8.18,8.18,7.95,8.01,6.571183,18762400
28,2016-02-12,8.16,8.51,8.16,8.44,6.923942,13330900
29,2016-02-16,8.6,8.88,8.49,8.74,7.170054,15702600
30,2016-02-17,8.89,8.99,8.72,8.77,7.194664,12723700
31,2016-02-18,8.78,8.82,8.41,8.52,6.989571,23689100
32,2016-02-19,8.48,8.68,8.41,8.67,7.112628,14307400
33,2016-02-22,8.76,8.86,8.72,8.84,7.252092,10291900
34,2016-02-23,8.87,8.89,8.55,8.61,7.063405,8187300
35,2016-02-24,8.45,8.61,8.37,8.54,7.00598,20932500
36,2016-02-25,8.59,8.68,8.53,8.64,7.088017,13806600
37,2016-02-26,8.71,8.99,8.71,8.95,7.342333,14643400
38,2016-02-29,8.87,8.92,8.69,8.75,7.178257,14167300
39,2016-03-01,8.85,9.2,8.8,9.18,7.53102,14364200
40,2016-03-02,9.16,9.33,9.16,9.29,7.621259,15788100
41,2016-03-03,9.33,9.63,9.29,9.6,7.875576,18045100
42,2016-03-04,9.63,9.77,9.58,9.67,7.933001,13057800
43,2016-03-07,9.57,9.71,9.55,9.58,7.859165,9095900
44,2016-03-08,9.45,9.56,9.29,9.35,7.670482,10898700
45,2016-03-09,9.44,9.47,9.3,9.34,7.662278,12721900
46,2016-03-10,9.45,9.62,9.3,9.54,7.82635,14057400
47,2016-03-11,9.64,9.83,9.58,9.82,8.056058,13975900
48,2016-03-14,9.81,9.86,9.66,9.74,7.990427,8847300
49,2016-03-15,9.6,9.71,9.58,9.66,7.924796,8134100
50,2016-03-16,9.59,9.73,9.4,9.48,7.833897,10726400
51,2016-03-17,9.47,9.59,9.31,9.55,7.891742,12791700
52,2016-03-18,9.6,9.82,9.52,9.67,7.990905,14802000
53,2016-03-21,9.65,9.79,9.6,9.69,8.00743,10847500
54,2016-03-22,9.61,9.81,9.55,9.7,8.015697,9901400
55,2016-03-23,9.68,9.72,9.6,9.63,7.957851,9943800
56,2016-03-24,9.53,9.61,9.43,9.59,7.924796,7322300
57,2016-03-28,9.6,9.66,9.48,9.53,7.875216,9123300
58,2016-03-29,9.48,9.54,9.35,9.53,7.875216,12676300
59,2016-03-30,9.58,9.7,9.5,9.59,7.924796,9984100
60,2016-03-31,9.56,9.64,9.44,9.54,7.883479,12343000
61,2016-04-01,9.51,9.56,9.38,9.56,7.900007,11356200
62,2016-04-04,9.6,9.61,9.46,9.51,7.858688,11037000
63,2016-04-05,9.38,9.54,9.35,9.41,7.776051,14762700
64,2016-04-06,9.51,9.55,9.34,9.54,7.883479,13356600
65,2016-04-07,9.48,9.53,9.22,9.3,7.685153,15564400
66,2016-04-08,9.37,9.5,9.28,9.33,7.709941,8118400
67,2016-04-11,9.34,9.52,9.34,9.38,7.751259,11722100
68,2016-04-12,9.42,9.6,9.37,9.57,7.908268,10777300
69,2016-04-13,9.67,9.94,9.62,9.9,8.180969,12270100
70,2016-04-14,9.88,10.11,9.87,9.99,8.25534,11266500
71,2016-04-15,10.01,10.03,9.86,9.93,8.20576,8930300
72,2016-04-18,9.86,10.04,9.83,9.96,8.230551,8267800
73,2016-04-19,9.98,10.14,9.96,10.11,8.354504,10978900
74,2016-04-20,10.08,10.35,10.01,10.28,8.494986,16621500
75,2016-04-21,10.21,10.36,10.15,10.22,8.445401,7863800
76,2016-04-22,10.25,10.33,10.16,10.25,8.470196,12753700
77,2016-04-25,10.22,10.24,10.03,10.16,8.395822,10935800
78,2016-04-26,10.21,10.33,10.1,10.26,8.478458,9072300
79,2016-04-27,10.22,10.34,10.17,10.27,8.486722,8022500
80,2016-04-28,10.21,10.28,10.08,10.12,8.362768,7755900
81,2016-04-29,10.06,10.13,9.97,10.06,8.313188,16772600
82,2016-05-02,10.14,10.21,10.0,10.19,8.420612,9808200
83,2016-05-03,10.02,10.11,9.89,10.01,8.271869,8797100
84,2016-05-04,9.9,10.0,9.74,9.86,8.147913,14186300
85,2016-05-05,9.87,9.97,9.79,9.87,8.156178,9908200
86,2016-05-06,9.79,9.9,9.77,9.88,8.16444,12839100
87,2016-05-09,9.88,9.94,9.74,9.79,8.090068,8158700
88,2016-05-10,9.89,10.01,9.85,9.99,8.25534,5963300
89,2016-05-11,9.95,10.09,9.94,9.97,8.238813,6791700
90,2016-05-12,10.0,10.11,9.84,9.89,8.172705,8613200
91,2016-05-13,9.87,10.0,9.62,9.67,7.990905,10131200
92,2016-05-16,9.7,9.82,9.64,9.78,8.081805,6322600
93,2016-05-17,9.74,9.9,9.67,9.77,8.073542,10915100
94,2016-05-18,9.75,10.3,9.74,10.29,8.503249,15573200
95,2016-05-19,10.22,10.34,10.07,10.22,8.445401,11327700
96,2016-05-20,10.25,10.38,10.2,10.23,8.453668,8453500
97,2016-05-23,10.24,10.28,10.12,10.2,8.428879,6666700
98,2016-05-24,10.26,10.42,10.24,10.38,8.577621,7458100
99,2016-05-25,10.41,10.64,10.38,10.62,8.775949,9380800
100,2016-05-26,10.5,10.63,10.4,10.46,8.643733,8511200
101,2016-05-27,10.5,10.58,10.42,10.58,8.742894,6891700
102,2016-05-31,10.64,10.65,10.43,10.45,8.635465,10286200
103,2016-06-01,10.33,10.51,9.95,10.51,8.685049,11805500
104,2016-06-02,10.49,10.57,10.38,10.56,8.726368,7496100
105,2016-06-03,10.39,10.4,10.1,10.36,8.561093,13627400
106,2016-06-06,10.38,10.6,10.36,10.53,8.701577,7930100
107,2016-06-07,10.53,10.54,10.41,10.41,8.602411,6658800
108,2016-06-08,10.42,10.48,10.29,10.35,8.552831,18204100
109,2016-06-09,10.25,10.38,10.05,10.17,8.404086,17555500
110,2016-06-10,10.0,10.09,9.91,9.95,8.222287,11713000
111,2016-06-13,9.91,10.07,9.86,9.86,8.147913,9175000
112,2016-06-14,9.8,9.91,9.46,9.48,7.833897,16309900
113,2016-06-15,9.44,9.65,9.4,9.46,7.875524,10806000
114,2016-06-16,9.37,9.39,9.22,9.31,7.750645,11060000
115,2016-06-17,9.3,9.4,9.21,9.3,7.742322,14017100
116,2016-06-20,9.52,9.61,9.26,9.28,7.725671,11977000
117,2016-06-21,9.3,9.33,9.1,9.26,7.709019,14464100
118,2016-06-22,9.26,9.39,9.2,9.22,7.675722,6110300
119,2016-06-23,9.34,9.5,9.32,9.43,7.850546,9374400
120,2016-06-24,8.95,9.0,8.61,8.61,7.16789,25194000
121,2016-06-27,8.49,8.54,8.05,8.09,6.734987,19206000
122,2016-06-28,8.29,8.42,8.19,8.37,6.968089,17511000
123,2016-06-29,8.46,8.56,8.3,8.51,7.084641,15852400
124,2016-06-30,8.56,8.95,8.55,8.94,7.442618,25206000
125,2016-07-01,8.89,8.94,8.76,8.83,7.351042,12682800
126,2016-07-05,8.71,8.72,8.44,8.51,7.084641,14169600
127,2016-07-06,8.42,8.58,8.23,8.52,7.092963,16886800
128,2016-07-07,8.51,8.66,8.46,8.58,7.142914,11964500
129,2016-07-08,8.71,8.84,8.68,8.72,7.259468,14223700
130,2016-07-11,8.83,8.9,8.8,8.85,7.367692,6669600
131,2016-07-12,9.0,9.13,8.95,9.1,7.575819,8788800
132,2016-07-13,9.11,9.18,9.0,9.08,7.559169,6518600
133,2016-07-14,9.24,9.33,9.2,9.23,7.684045,7686200
134,2016-07-15,9.31,9.31,9.21,9.26,7.709019,5797400
135,2016-07-18,9.27,9.32,9.22,9.3,7.742322,6313500
136,2016-07-19,9.29,9.35,9.22,9.27,7.717346,7687300
137,2016-07-20,9.27,9.35,9.17,9.24,7.692371,8461700
138,2016-07-21,9.17,9.34,9.11,9.16,7.625771,12386200
139,2016-07-22,9.1,9.3,9.1,9.28,7.725671,6192000
140,2016-07-25,9.26,9.34,9.24,9.3,7.742322,7510600
141,2016-07-26,9.3,9.42,9.24,9.41,7.833896,7418300
142,2016-07-27,9.38,9.54,9.38,9.42,7.842221,8083000
143,2016-07-28,9.37,9.5,9.28,9.46,7.875524,7452500
144,2016-07-29,9.41,9.53,9.41,9.5,7.908821,7686600
145,2016-08-01,9.54,9.58,9.37,9.38,7.80892,10336300
146,2016-08-02,9.36,9.42,9.21,9.27,7.717346,9449700
147,2016-08-03,9.28,9.42,9.23,9.38,7.80892,7165900
148,2016-08-04,9.34,9.44,9.32,9.35,7.783948,6384900
149,2016-08-05,9.44,9.75,9.38,9.75,8.116947,6341400
150,2016-08-08,9.81,9.85,9.71,9.74,8.108624,6554500
151,2016-08-09,9.73,9.77,9.67,9.7,8.075325,5128200
152,2016-08-10,9.72,9.73,9.52,9.54,7.942122,5160400
153,2016-08-11,9.59,9.6,9.5,9.57,7.967098,6531800
154,2016-08-12,9.51,9.52,9.4,9.48,7.892172,5138300
155,2016-08-15,9.48,9.7,9.46,9.68,8.058675,4859400
156,2016-08-16,9.64,9.7,9.55,9.64,8.025373,41796500
157,2016-08-17,9.62,9.8,9.62,9.66,8.042023,20580900
158,2016-08-18,9.66,9.74,9.49,9.51,7.917148,99726200
159,2016-08-19,9.47,9.56,9.43,9.51,7.917148,21860900
160,2016-08-22,9.51,9.66,9.46,9.65,8.033699,13992100
161,2016-08-23,9.68,9.7,9.59,9.64,8.025373,17468800
162,2016-08-24,9.63,9.71,9.5,9.51,7.917148,23739400
163,2016-08-25,9.52,9.67,9.49,9.6,7.992074,21377900
164,2016-08-26,9.68,9.71,9.56,9.69,8.066997,15014400
165,2016-08-29,9.7,9.87,9.67,9.76,8.125277,14774400
166,2016-08-30,9.76,9.89,9.76,9.89,8.233501,8631700
167,2016-08-31,9.92,10.01,9.85,10.01,8.333402,22272800
168,2016-09-01,10.05,10.11,9.83,9.96,8.291777,15098100
169,2016-09-02,10.0,10.05,9.89,10.02,8.341726,8990700
170,2016-09-06,10.01,10.02,9.77,9.86,8.208525,14467500
171,2016-09-07,9.82,9.94,9.77,9.9,8.241826,10031700
172,2016-09-08,9.91,9.93,9.79,9.89,8.233501,11886300
173,2016-09-09,9.9,9.96,9.83,9.86,8.208525,13489200
174,2016-09-12,9.69,10.01,9.69,10.0,8.325078,14645500
175,2016-09-13,9.92,9.93,9.76,9.88,8.225175,10465100
176,2016-09-14,9.9,9.91,9.74,9.8,8.158575,21652500
177,2016-09-15,9.74,9.87,9.71,9.79,8.208884,13484800
178,2016-09-16,9.71,9.74,9.62,9.73,8.158576,18595900
179,2016-09-19,9.78,9.83,9.65,9.72,8.150191,10542200
180,2016-09-20,9.76,9.79,9.64,9.71,8.141804,8953300
181,2016-09-21,9.75,9.78,9.6,9.73,8.158576,11205400
182,2016-09-22,9.81,9.89,9.8,9.88,8.284348,12495600
183,2016-09-23,9.86,9.97,9.81,9.9,8.301119,9261500
184,2016-09-26,9.82,9.85,9.61,9.61,8.057955,8010800
185,2016-09-27,9.6,9.74,9.52,9.74,8.166959,9189300
186,2016-09-28,9.91,9.92,9.74,9.92,8.317887,11634000
187,2016-09-29,9.92,9.96,9.68,9.71,8.141804,8124500
188,2016-09-30,9.78,9.92,9.7,9.86,8.267581,10208700
189,2016-10-03,9.83,9.91,9.74,9.8,8.217268,8295900
190,2016-10-04,9.86,9.97,9.78,9.88,8.284348,8099900
191,2016-10-05,9.93,10.2,9.89,10.14,8.502358,10745100
192,2016-10-06,10.13,10.22,10.1,10.16,8.519128,9731500
193,2016-10-07,10.17,10.25,10.03,10.17,8.527514,8896500
194,2016-10-10,10.21,10.28,10.16,10.16,8.519128,5875300
195,2016-10-11,10.05,10.18,9.92,10.02,8.40174,10420300
196,2016-10-12,10.05,10.09,9.95,9.97,8.359814,6066900
197,2016-10-13,9.85,9.92,9.57,9.72,8.150191,15157000
198,2016-10-14,9.83,9.94,9.77,9.82,8.234039,7450300
199,2016-10-17,9.84,9.86,9.65,9.66,8.099878,7854200
200,2016-10-18,9.75,9.81,9.65,9.8,8.217268,7428200
201,2016-10-19,9.84,10.07,9.8,10.03,8.410123,13416200
202,2016-10-20,10.01,10.17,9.99,10.14,8.502358,8984700
203,2016-10-21,9.98,10.11,9.95,10.06,8.435278,11869100
204,2016-10-24,10.15,10.17,10.07,10.1,8.468819,6884200
205,2016-10-25,10.1,10.24,10.04,10.19,8.544283,11335300
206,2016-10-26,10.24,10.78,10.23,10.7,8.971915,28691000
207,2016-10-27,10.78,10.86,10.66,10.75,9.01384,16197300
208,2016-10-28,10.76,10.78,10.47,10.56,8.854527,11847500
209,2016-10-31,10.51,10.65,10.51,10.6,8.888067,14652300
210,2016-11-01,10.65,10.71,10.44,10.56,8.854527,16268800
211,2016-11-02,10.53,10.55,10.24,10.33,8.661674,18456700
212,2016-11-03,10.33,10.39,10.19,10.25,8.594594,17179400
213,2016-11-04,10.26,10.35,10.07,10.16,8.519128,12223200
214,2016-11-07,10.39,10.55,10.39,10.45,8.76229,12007200
215,2016-11-08,10.54,10.54,10.13,10.25,8.594594,16032300
216,2016-11-09,10.45,10.97,10.36,10.91,9.148003,26319300
217,2016-11-10,11.03,11.66,11.02,11.6,9.726565,25992800
218,2016-11-11,11.58,11.75,11.5,11.7,9.810412,16750200
219,2016-11-14,11.84,12.2,11.81,11.96,10.028423,24603100
220,2016-11-15,11.93,11.96,11.64,11.96,10.028423,24681900
221,2016-11-16,11.83,11.98,11.77,11.93,10.00327,16608600
222,2016-11-17,11.98,12.27,11.9,12.23,10.254819,17202300
223,2016-11-18,12.3,12.54,12.27,12.5,10.481211,19530200
224,2016-11-21,12.59,12.6,12.42,12.44,10.4309,14973600
225,2016-11-22,12.59,12.59,12.4,12.52,10.497981,14351800
226,2016-11-23,12.57,12.68,12.49,12.61,10.573443,9111200
227,2016-11-25,12.67,12.68,12.53,12.56,10.53152,4265700
228,2016-11-28,12.44,12.58,12.21,12.26,10.279972,11444900
229,2016-11-29,12.23,12.38,12.19,12.28,10.296741,12097300
230,2016-11-30,12.49,12.6,12.43,12.46,10.447674,17093400
231,2016-12-01,12.6,13.14,12.55,13.03,10.925615,24429200
232,2016-12-02,13.01,13.11,12.8,12.94,10.850149,24055000
233,2016-12-05,13.04,13.17,12.95,13.03,10.925615,14661300
234,2016-12-06,13.08,13.26,12.89,13.22,11.08493,15768900
235,2016-12-07,13.17,13.25,13.1,13.21,11.076543,18660200
236,2016-12-08,13.38,13.64,13.26,13.46,11.286168,23825000
237,2016-12-09,13.46,13.53,13.27,13.51,11.328092,17121400
238,2016-12-12,13.47,13.62,13.25,13.3,11.152008,15915900
239,2016-12-13,13.4,13.44,13.14,13.25,11.110085,13909900
240,2016-12-14,13.1,13.44,12.89,13.1,10.984308,18113100
241,2016-12-15,13.21,13.42,13.08,13.34,11.185547,21239200
242,2016-12-16,13.24,13.37,13.01,13.02,10.983094,26217700
243,2016-12-19,13.03,13.13,12.94,13.09,11.042144,12653600
244,2016-12-20,13.26,13.37,13.23,13.36,11.269905,16827400
245,2016-12-21,13.33,13.38,13.2,13.33,11.244598,6723700
246,2016-12-22,13.36,13.43,13.27,13.33,11.244598,12561800
247,2016-12-23,13.33,13.42,13.28,13.42,11.320517,5035700
248,2016-12-27,13.54,13.54,13.36,13.44,11.33739,5248900
249,2016-12-28,13.56,13.56,13.21,13.25,11.177113,6545100
250,2016-12-29,13.29,13.3,13.02,13.08,11.033708,8328200
251,2016-12-30,13.09,13.24,13.05,13.22,11.151808,8770200
252,2017-01-03,13.46,13.53,13.22,13.32,11.236161,10926200
253,2017-01-04,13.32,13.55,13.32,13.48,11.371129,12001900
254,2017-01-05,13.44,13.58,13.16,13.26,11.185547,12436100
255,2017-01-06,13.36,13.48,13.22,13.29,11.210855,12037300
256,2017-01-09,13.21,13.38,13.12,13.32,11.236161,18797300
257,2017-01-10,13.35,13.46,13.29,13.33,11.244598,13106600
258,2017-01-11,13.33,13.54,13.25,13.44,11.33739,11258000
259,2017-01-12,13.31,13.44,13.14,13.32,11.236161,8551900
260,2017-01-13,13.39,13.67,13.37,13.47,11.362696,10808300
261,2017-01-17,13.34,13.36,12.93,12.95,10.924046,12562500
262,2017-01-18,13.01,13.16,12.86,13.15,11.092758,12260000
263,2017-01-19,13.21,13.29,12.95,13.01,10.974658,10144500
264,2017-01-20,13.07,13.24,13.01,13.12,11.067451,7818100
265,2017-01-23,13.08,13.18,12.96,13.06,11.016841,10099200
266,2017-01-24,13.11,13.3,13.05,13.25,11.177113,14194900
267,2017-01-25,13.6,14.04,13.45,14.02,11.82665,18265100
268,2017-01-26,14.11,14.17,13.97,14.01,11.818215,16825700
269,2017-01-27,13.98,14.01,13.69,13.78,11.624197,10164400
270,2017-01-30,13.69,13.7,13.39,13.62,11.489228,8551900
271,2017-01-31,13.52,13.68,13.38,13.53,11.413309,11980000
272,2017-02-01,13.7,13.89,13.45,13.5,11.388002,9740100
273,2017-02-02,13.38,13.44,13.16,13.24,11.168676,12209300
274,2017-02-03,13.41,13.67,13.32,13.61,11.480792,16564500
275,2017-02-06,13.47,13.62,13.4,13.53,11.413309,7300800
276,2017-02-07,13.57,13.59,13.41,13.48,11.371129,13113000
277,2017-02-08,13.39,13.41,13.2,13.4,11.303645,10240900
278,2017-02-09,13.47,13.61,13.37,13.55,11.43018,7830200
279,2017-02-10,13.59,13.66,13.5,13.62,11.489228,6862600
280,2017-02-13,13.72,13.94,13.7,13.81,11.649504,11977000
281,2017-02-14,13.83,14.14,13.73,14.12,11.911006,10105000
282,2017-02-15,14.25,14.28,14.1,14.22,11.995362,8533300
283,2017-02-16,14.17,14.24,14.02,14.17,11.953185,6351200
284,2017-02-17,14.02,14.14,13.92,14.13,11.919443,6958800
285,2017-02-21,14.21,14.34,14.09,14.19,11.970056,7918100
286,2017-02-22,14.08,14.26,14.08,14.19,11.970056,5586700
287,2017-02-23,14.22,14.25,14.05,14.18,11.961619,6013300
288,2017-02-24,14.0,14.18,13.95,14.18,11.961619,8740000
289,2017-02-27,14.16,14.23,14.1,14.21,11.986927,4843000
290,2017-02-28,14.18,14.21,13.99,14.14,11.927876,9723400
291,2017-03-01,14.48,14.74,14.47,14.66,12.366527,10392500
292,2017-03-02,14.74,14.74,14.28,14.29,12.05441,7967000
293,2017-03-03,14.3,14.47,14.28,14.4,12.147202,5936200
294,2017-03-06,14.23,14.38,14.18,14.31,12.071281,6991800
295,2017-03-07,14.56,14.56,14.19,14.24,12.012233,6513900
296,2017-03-08,14.38,14.42,14.13,14.18,11.961619,8919800
297,2017-03-09,14.24,14.33,14.14,14.21,11.986927,9858800
298,2017-03-10,14.34,14.36,14.0,14.19,11.970056,10345800
299,2017-03-13,14.18,14.24,14.08,14.21,11.986927,6303600
300,2017-03-14,14.14,14.14,13.89,14.08,11.877264,7603900
301,2017-03-15,14.14,14.2,13.84,13.93,11.750731,13096300
302,2017-03-16,13.99,14.01,13.82,13.92,11.810122,10064500
303,2017-03-17,13.92,13.97,13.64,13.73,11.648918,26067700
304,2017-03-20,13.71,13.75,13.5,13.52,11.470751,9308900
305,2017-03-21,13.52,13.64,12.67,12.7,10.775039,21459400
306,2017-03-22,12.6,12.99,12.37,12.78,10.842915,18859500
307,2017-03-23,12.74,13.16,12.73,13.02,11.046534,24181100
308,2017-03-24,13.13,13.17,12.98,13.11,11.122896,13203800
309,2017-03-27,12.7,13.02,12.56,13.02,11.046534,16548700
310,2017-03-28,12.95,13.3,12.95,13.22,11.216221,10633200
311,2017-03-29,13.22,13.33,13.13,13.22,11.216221,13044000
312,2017-03-30,13.2,13.62,13.17,13.59,11.530139,9722500
313,2017-03-31,13.51,13.59,13.36,13.39,11.360454,10820200
314,2017-04-03,13.52,13.52,13.14,13.35,11.326517,15629900
315,2017-04-04,13.27,13.37,13.2,13.31,11.29258,7910700
316,2017-04-05,13.44,13.52,13.06,13.07,11.088957,8065300
317,2017-04-06,13.04,13.27,12.93,13.2,11.199253,7684700
318,2017-04-07,13.1,13.23,13.0,13.12,11.131378,7942500
319,2017-04-10,13.08,13.22,12.93,13.0,11.029566,6331100
320,2017-04-11,12.91,13.0,12.74,13.0,11.029566,8248500
321,2017-04-12,12.95,13.0,12.76,12.86,10.910787,15162600
322,2017-04-13,12.79,12.9,12.59,12.59,10.681712,9686200
323,2017-04-17,12.62,12.93,12.56,12.91,10.953208,9116300
324,2017-04-18,12.81,12.92,12.66,12.8,10.85988,14465200
325,2017-04-19,12.55,12.78,12.52,12.59,10.681712,21970800
326,2017-04-20,12.64,12.81,12.52,12.72,10.792007,20334200
327,2017-04-21,12.74,12.81,12.56,12.6,10.690196,8948800
328,2017-04-24,12.92,13.04,12.86,12.99,11.021082,11841300
329,2017-04-25,13.15,13.18,13.02,13.04,11.063505,9917700
330,2017-04-26,13.0,13.22,12.99,13.12,11.131378,7703200
331,2017-04-27,13.15,13.15,12.91,12.99,11.021082,6528800
332,2017-04-28,13.01,13.1,12.85,12.86,10.910787,12050200
333,2017-05-01,12.94,13.11,12.81,13.09,11.105927,9195400
334,2017-05-02,13.09,13.12,12.86,12.95,10.987148,10160300
335,2017-05-03,12.89,13.18,12.85,13.14,11.148347,12769600
336,2017-05-04,13.23,13.33,13.02,13.05,11.071988,10433500
337,2017-05-05,13.08,13.08,12.95,12.99,11.021082,5661400
338,2017-05-08,12.98,13.08,12.94,13.05,11.071988,6625600
339,2017-05-09,13.08,13.17,12.9,12.93,10.970177,7441700
340,2017-05-10,12.9,12.95,12.82,12.9,10.944724,7839800
341,2017-05-11,12.83,12.93,12.7,12.79,10.851397,8402800
342,2017-05-12,12.7,12.77,12.58,12.76,10.825945,7009200
343,2017-05-15,12.83,12.99,12.8,12.95,10.987148,7430600
344,2017-05-16,12.97,13.05,12.88,13.04,11.063505,7333300
345,2017-05-17,12.69,12.77,12.23,12.29,10.427184,13118900
346,2017-05-18,12.28,12.57,12.27,12.5,10.605352,10626100
347,2017-05-19,12.55,12.73,12.5,12.57,10.664743,7563900
348,2017-05-22,12.62,12.67,12.49,12.64,10.724133,5352400
349,2017-05-23,12.67,12.94,12.6,12.89,10.93624,5565100
350,2017-05-24,12.92,12.92,12.74,12.82,10.876849,4360100
351,2017-05-25,12.83,12.95,12.75,12.87,10.919272,4816600
352,2017-05-26,12.87,12.96,12.8,12.86,10.910787,7298100
353,2017-05-30,12.86,12.86,12.65,12.74,10.808976,8308600
354,2017-05-31,12.74,12.81,12.36,12.54,10.639291,15343500
355,2017-06-01,12.6,12.73,12.39,12.72,10.792007,8907100
356,2017-06-02,12.56,12.68,12.48,12.58,10.673227,5932300
357,2017-06-05,12.57,12.73,12.56,12.57,10.664743,5619100
358,2017-06-06,12.47,12.52,12.32,12.45,10.562932,9073800
359,2017-06-07,12.51,12.7,12.46,12.69,10.766553,10827600
360,2017-06-08,12.66,13.08,12.6,12.92,10.961693,8710100
361,2017-06-09,13.01,13.35,12.96,13.29,11.275612,9971100
362,2017-06-12,13.28,13.47,13.2,13.37,11.343488,9137200
363,2017-06-13,13.45,13.5,13.27,13.35,11.326517,9280700
364,2017-06-14,13.22,13.44,13.08,13.41,11.377423,8674400
365,2017-06-15,13.22,13.45,13.2,13.29,11.343282,5900300
366,2017-06-16,13.07,13.31,13.07,13.22,11.283536,8585200
367,2017-06-19,13.29,13.39,13.24,13.32,11.368887,4827000
368,2017-06-20,13.29,13.33,13.22,13.23,11.29207,5549100
369,2017-06-21,13.27,13.27,13.05,13.06,11.146972,7800600
370,2017-06-22,13.03,13.07,12.79,12.94,11.044551,7962600
371,2017-06-23,12.99,13.06,12.68,12.71,10.848242,15526100
372,2017-06-26,12.72,12.98,12.71,12.79,10.916521,10510400
373,2017-06-27,12.9,13.05,12.82,12.91,11.018945,10695300
374,2017-06-28,13.02,13.22,13.0,13.14,11.215255,8821000
375,2017-06-29,13.59,13.79,13.23,13.38,11.420097,15035800
376,2017-06-30,13.47,13.62,13.32,13.52,11.539592,17302100
377,2017-07-03,13.64,13.81,13.57,13.75,11.735902,4809900
378,2017-07-05,13.77,13.92,13.69,13.8,11.778579,11309100
379,2017-07-06,13.8,13.9,13.64,13.66,11.659085,10690900
380,2017-07-07,13.7,13.77,13.59,13.69,11.68469,10691100
381,2017-07-10,13.62,13.76,13.58,13.69,11.68469,8233600
382,2017-07-11,13.68,13.82,13.64,13.71,11.70176,9747200
383,2017-07-12,13.66,13.76,13.59,13.73,11.71883,11150100
384,2017-07-13,13.75,13.88,13.69,13.87,11.838324,7108700
385,2017-07-14,13.73,13.88,13.56,13.79,11.770041,8335000
386,2017-07-17,13.79,13.83,13.66,13.81,11.787112,5953900
387,2017-07-18,13.7,13.77,13.61,13.71,11.70176,7679800
388,2017-07-19,13.76,13.83,13.63,13.7,11.693224,6141200
389,2017-07-20,13.7,13.82,13.56,13.56,11.573731,11204100
390,2017-07-21,13.49,13.67,12.9,12.97,11.070157,22572700
391,2017-07-24,12.99,13.28,12.99,13.19,11.257929,11629900
392,2017-07-25,13.45,13.51,13.19,13.4,11.43717,19004100
393,2017-07-26,13.43,13.44,13.13,13.18,11.249394,9282800
394,2017-07-27,13.17,13.23,13.06,13.12,11.198185,13071000
395,2017-07-28,13.09,13.22,13.02,13.17,11.240857,7231600
396,2017-07-31,13.2,13.37,13.19,13.25,11.30914,7563400
397,2017-08-01,13.34,13.37,13.24,13.32,11.368887,8544600
398,2017-08-02,13.3,13.38,13.19,13.32,11.368887,7145300
399,2017-08-03,13.27,13.37,13.11,13.16,11.232324,13027700
400,2017-08-04,13.3,13.49,13.23,13.3,11.351816,9120900
401,2017-08-07,13.3,13.35,13.24,13.28,11.334747,5434000
402,2017-08-08,13.24,13.56,13.23,13.35,11.394494,8658200
403,2017-08-09,13.24,13.28,13.11,13.17,11.240857,8095200
404,2017-08-10,13.06,13.11,12.81,12.81,10.933592,8248800
405,2017-08-11,12.99,12.99,12.67,12.72,10.856776,7865800
406,2017-08-14,12.86,13.0,12.81,12.96,11.061621,5664700
407,2017-08-15,12.97,13.14,12.97,13.0,11.095761,5180400
408,2017-08-16,13.02,13.08,12.89,13.0,11.095761,8857900
409,2017-08-17,12.94,12.99,12.63,12.64,10.788494,10454200
410,2017-08-18,12.6,12.78,12.54,12.66,10.805563,7073300
411,2017-08-21,12.63,12.68,12.54,12.6,10.754354,5118100
412,2017-08-22,12.65,12.73,12.63,12.7,10.839706,4258200
413,2017-08-23,12.59,12.75,12.56,12.67,10.814098,6006000
414,2017-08-24,12.72,12.76,12.64,12.7,10.839706,4900200
415,2017-08-25,12.74,12.84,12.71,12.76,10.890917,7727600
416,2017-08-28,12.79,12.84,12.66,12.72,10.856776,5827200
417,2017-08-29,12.55,12.66,12.47,12.59,10.745818,6435200
418,2017-08-30,12.56,12.71,12.54,12.67,10.814098,4608000
419,2017-08-31,12.76,12.76,12.58,12.59,10.745818,6058900
420,2017-09-01,12.63,12.82,12.61,12.7,10.839706,6546400
421,2017-09-05,12.63,12.65,12.38,12.38,10.56658,12242200
422,2017-09-06,12.45,12.55,12.41,12.51,10.677537,8174100
423,2017-09-07,12.51,12.52,12.14,12.18,10.395875,11028200
424,2017-09-08,12.17,12.42,12.15,12.32,10.515368,8736500
425,2017-09-11,12.48,12.6,12.47,12.54,10.703142,9042600
426,2017-09-12,12.54,12.88,12.52,12.79,10.916521,9006500
427,2017-09-13,12.78,12.9,12.71,12.9,11.010408,9568700
428,2017-09-14,13.0,13.01,12.75,12.8,10.925056,12740000
429,2017-09-15,12.7,12.77,12.57,12.76,10.959414,16064000
430,2017-09-18,12.82,13.16,12.77,13.09,11.242846,10663700
431,2017-09-19,13.08,13.3,13.03,13.25,11.380268,7600700
432,2017-09-20,13.23,13.38,13.07,13.36,11.474746,9330800
433,2017-09-21,13.33,13.47,13.32,13.4,11.509102,5855800
434,2017-09-22,13.33,13.39,13.27,13.39,11.500512,6183000
435,2017-09-25,13.34,13.5,13.26,13.38,11.491923,5371600
436,2017-09-26,13.45,13.48,13.35,13.45,11.552045,6287500
437,2017-09-27,13.62,13.91,13.56,13.75,11.809713,11233000
438,2017-09-28,13.78,13.91,13.67,13.87,11.912779,15272900
439,2017-09-29,13.88,14.05,13.79,13.96,11.990079,8818500
440,2017-10-02,14.01,14.04,13.83,14.04,12.05879,9670700
441,2017-10-03,14.03,14.03,13.75,13.9,11.938546,9063000
442,2017-10-04,13.9,13.93,13.75,13.76,11.818302,4382000
443,2017-10-05,13.79,14.0,13.72,13.96,11.990079,4556300
444,2017-10-06,14.0,14.1,13.83,13.9,11.938546,6774700
445,2017-10-09,13.93,13.97,13.83,13.85,11.8956,5385400
446,2017-10-10,13.85,14.02,13.85,13.98,12.007256,6637400
447,2017-10-11,13.9,13.93,13.77,13.85,11.8956,8996300
448,2017-10-12,13.87,13.92,13.75,13.79,11.844067,5982700
449,2017-10-13,13.74,13.91,13.6,13.7,11.766768,7185400
450,2017-10-16,13.73,13.92,13.73,13.92,11.955723,8487300
451,2017-10-17,13.99,13.99,13.78,13.81,11.861244,5243800
452,2017-10-18,13.86,13.98,13.81,13.95,11.981489,6675800
453,2017-10-19,13.82,14.04,13.75,13.98,12.007256,7517400
454,2017-10-20,14.17,14.25,14.1,14.19,12.187624,8030500
455,2017-10-23,14.2,14.21,14.06,14.11,12.118913,5684300
456,2017-10-24,14.21,14.27,14.08,14.21,12.204801,9735800
457,2017-10-25,14.17,14.17,13.76,13.88,11.921368,12205400
458,2017-10-26,13.8,13.97,13.72,13.91,11.947134,12749500
459,2017-10-27,13.85,14.02,13.84,13.94,11.9729,8316100
460,2017-10-30,13.87,13.94,13.75,13.77,11.826891,6403300
461,2017-10-31,13.78,13.98,13.74,13.8,11.852657,7376200
462,2017-11-01,13.94,14.0,13.77,13.81,11.861244,7642800
463,2017-11-02,13.8,13.9,13.67,13.87,11.912779,9130700
464,2017-11-03,13.78,13.84,13.69,13.78,11.835479,7819900
465,2017-11-06,13.78,13.86,13.74,13.78,11.835479,5686000
466,2017-11-07,13.76,13.82,13.39,13.4,11.509102,9368300
467,2017-11-08,13.41,13.43,13.24,13.29,11.414623,8270400
468,2017-11-09,13.2,13.37,13.09,13.21,11.345912,10764900
469,2017-11-10,13.25,13.31,13.14,13.14,11.28579,8767600
470,2017-11-13,13.09,13.38,13.04,13.36,11.474746,8477100
471,2017-11-14,13.28,13.64,13.27,13.61,11.689467,11459000
472,2017-11-15,13.47,13.64,13.36,13.51,11.603579,8394000
473,2017-11-16,13.58,13.64,13.4,13.4,11.509102,8297200
474,2017-11-17,13.32,13.55,13.32,13.54,11.629347,6074700
475,2017-11-20,13.56,13.64,13.52,13.57,11.655111,4565500
476,2017-11-21,13.61,13.65,13.5,13.55,11.637934,5714000
477,2017-11-22,13.59,13.66,13.5,13.54,11.629347,5128000
478,2017-11-24,13.6,13.64,13.46,13.46,11.560635,2257300
479,2017-11-27,13.45,13.58,13.43,13.5,11.59499,5934600
480,2017-11-28,13.54,13.99,13.51,13.97,11.998668,11494500
481,2017-11-29,14.1,14.58,14.09,14.48,12.4367,14562400
482,2017-11-30,14.58,14.77,14.37,14.4,12.36799,13866100
483,2017-12-01,14.45,14.53,13.92,14.44,12.402346,14848800
484,2017-12-04,14.71,14.93,14.64,14.7,12.625655,9744000
485,2017-12-05,14.73,14.79,14.43,14.46,12.419521,8688400
486,2017-12-06,14.49,14.73,14.42,14.52,12.471056,11095700
487,2017-12-07,14.5,14.77,14.43,14.71,12.634247,7786000
488,2017-12-08,14.82,14.85,14.62,14.85,12.75449,6531500
489,2017-12-11,14.83,14.87,14.58,14.62,12.556944,7732900
490,2017-12-12,14.7,14.93,14.61,14.81,12.720133,9383200
491,2017-12-13,14.84,14.91,14.56,14.58,12.52259,7884300
492,2017-12-14,14.67,14.67,14.35,14.44,12.402346,10346400
493,2017-12-15,14.36,14.8,14.28,14.58,12.618715,18245200
494,2017-12-18,14.73,14.83,14.54,14.68,12.705263,10669700
495,2017-12-19,14.78,14.78,14.61,14.61,12.644679,13655400
496,2017-12-20,14.76,14.83,14.57,14.64,12.670644,9899700
497,2017-12-21,14.7,14.92,14.65,14.84,12.84374,6335200
498,2017-12-22,14.88,14.88,14.65,14.78,12.791812,4921800
499,2017-12-26,14.74,14.88,14.57,14.63,12.66199,4436200
500,2017-12-27,14.65,14.71,14.51,14.59,12.62737,5264400
501,2017-12-28,14.63,14.74,14.55,14.74,12.757193,6961500
502,2017-12-29,14.73,14.76,14.54,14.56,12.601405,7305700
503,2018-01-02,14.71,14.75,14.49,14.6,12.636024,13411000
504,2018-01-03,14.64,14.79,14.56,14.72,12.739884,15133700
505,2018-01-04,14.88,14.91,14.75,14.85,12.852393,15114300
506,2018-01-05,14.91,15.01,14.86,14.98,12.964906,9988300
507,2018-01-08,14.91,15.01,14.85,14.95,12.938942,11481400
508,2018-01-09,15.02,15.39,14.97,15.23,13.181277,6983800
509,2018-01-10,15.38,15.69,15.3,15.48,13.397647,8935400
510,2018-01-11,15.55,15.66,15.47,15.63,13.52747,6850300
511,2018-01-12,15.7,15.85,15.65,15.85,13.717876,7951800
512,2018-01-16,16.0,16.0,15.59,15.68,13.570745,10524200
513,2018-01-17,15.75,15.8,15.54,15.76,13.639981,9992400
514,2018-01-18,15.81,15.86,15.5,15.51,13.423614,9854500
515,2018-01-19,15.54,15.81,15.52,15.81,13.683257,9001600
516,2018-01-22,15.83,16.049999,15.75,16.030001,13.873665,10999700
517,2018-01-23,16.049999,16.33,15.88,16.040001,13.882319,24556300
518,2018-01-24,16.129999,16.23,15.93,16.110001,13.942901,12994400
519,2018-01-25,16.18,16.23,16.02,16.049999,13.890973,12549600
520,2018-01-26,16.139999,16.209999,16.08,16.209999,14.029449,8683800
521,2018-01-29,16.219999,16.299999,16.17,16.23,14.046758,7159600
522,2018-01-30,16.1,16.26,16.059999,16.1,13.934246,8264500
523,2018-01-31,16.129999,16.25,16.1,16.18,14.003486,9993900
524,2018-02-01,16.139999,16.35,16.139999,16.34,14.141962,12872400
525,2018-02-02,16.309999,16.530001,16.030001,16.08,13.916937,12434600
526,2018-02-05,15.91,16.17,15.42,15.43,13.354373,20177800
527,2018-02-06,15.16,15.66,15.09,15.53,13.440923,29742700
528,2018-02-07,15.47,15.77,15.45,15.64,13.536126,14957100
529,2018-02-08,15.72,15.72,15.1,15.1,13.068766,18378500
530,2018-02-09,15.36,15.53,14.97,15.41,13.337064,12596300
531,2018-02-12,15.52,15.66,15.32,15.48,13.397647,10565200
532,2018-02-13,15.41,15.61,15.38,15.52,13.432268,9891600
533,2018-02-14,15.49,15.9,15.41,15.89,13.752495,13726900
534,2018-02-15,15.95,15.98,15.77,15.86,13.72653,10831700
535,2018-02-16,15.79,15.91,15.73,15.83,13.700566,13753000
536,2018-02-20,15.83,15.97,15.76,15.9,13.761152,7828400
537,2018-02-21,15.93,16.290001,15.85,16.049999,13.890973,10175600
538,2018-02-22,16.139999,16.200001,15.7,15.73,13.614017,7822400
539,2018-02-23,15.8,15.99,15.77,15.99,13.839043,5484500
540,2018-02-26,16.01,16.15,15.93,16.030001,13.873665,9520100
541,2018-02-27,15.97,16.24,15.82,15.82,13.691912,9914300
542,2018-02-28,15.88,16.059999,15.7,15.7,13.588053,7339000
543,2018-03-01,15.72,15.81,15.53,15.61,13.51016,8245800
544,2018-03-02,15.53,15.82,15.3,15.8,13.674601,6811900
545,2018-03-05,15.63,16.059999,15.57,16.01,13.856354,6382200
546,2018-03-06,16.1,16.26,15.89,16.200001,14.020795,8213400
547,2018-03-07,16.0,16.309999,16.0,16.280001,14.090034,7066200
548,2018-03-08,16.290001,16.35,16.0,16.16,13.986176,5444100
549,2018-03-09,16.280001,16.5,16.15,16.5,14.280437,7147300
550,2018-03-12,16.51,16.6,16.450001,16.48,14.263128,8384200
551,2018-03-13,16.540001,16.58,16.200001,16.290001,14.098688,7645600
552,2018-03-14,16.33,16.360001,16.0,16.049999,13.890973,6970600
553,2018-03-15,16.120001,16.15,15.92,16.040001,13.882319,8269900
554,2018-03-16,15.95,16.17,15.95,16.07,14.004321,17423900
555,2018-03-19,16.07,16.120001,15.73,15.92,13.873603,8645400
556,2018-03-20,15.98,16.059999,15.8,15.83,13.795173,6871900
557,2018-03-21,15.88,16.07,15.73,15.88,13.838747,5759300
558,2018-03-22,15.75,15.83,15.3,15.31,13.342013,11080500
559,2018-03-23,15.37,15.37,14.68,14.7,12.810424,9354500
560,2018-03-26,14.97,15.3,14.9,15.28,13.315869,7782100
561,2018-03-27,15.31,15.37,14.81,14.93,13.01086,8929000
562,2018-03-28,15.05,15.13,14.81,15.02,13.089293,9831700
563,2018-03-29,15.08,15.18,14.91,15.1,13.159008,7864800
564,2018-04-02,15.07,15.14,14.51,14.67,12.784282,8458800
565,2018-04-03,14.77,14.87,14.55,14.83,12.923715,10744200
566,2018-04-04,14.61,15.07,14.55,15.02,13.089293,6571200
567,2018-04-05,15.09,15.15,14.93,15.07,13.132864,7539100
568,2018-04-06,14.9,14.92,14.39,14.56,12.68842,8954900
569,2018-04-09,14.66,14.98,14.6,14.62,12.740709,7858700
570,2018-04-10,14.85,14.95,14.72,14.87,12.958573,8878100
571,2018-04-11,14.78,14.84,14.63,14.65,12.766853,6976500
572,2018-04-12,14.79,15.08,14.75,14.99,13.063147,8687800
573,2018-04-13,15.15,15.17,14.63,14.66,12.775567,8693500
574,2018-04-16,14.77,14.8,14.54,14.67,12.784282,8275100
575,2018-04-17,14.76,14.76,14.39,14.48,12.618703,8358100
576,2018-04-18,14.49,14.63,14.38,14.49,12.627419,8137600
577,2018-04-19,14.49,14.71,14.49,14.68,12.792996,7123900
578,2018-04-20,14.71,14.87,14.64,14.75,12.853998,7565300
579,2018-04-23,14.82,15.02,14.74,15.01,13.080576,12391800
580,2018-04-24,15.04,15.1,14.65,14.85,12.941145,11395300
581,2018-04-25,14.88,15.15,14.76,15.06,13.12415,8844000
582,2018-04-26,15.07,15.15,14.98,15.03,13.098005,7904300
583,2018-04-27,15.02,15.15,14.98,15.14,13.193867,5593900
584,2018-04-30,15.16,15.25,14.91,14.91,12.99343,6172900
585,2018-05-01,14.83,14.9,14.68,14.81,12.906286,6804500
586,2018-05-02,14.76,14.85,14.63,14.66,12.775567,8852300
587,2018-05-03,14.59,14.61,14.26,14.46,12.601274,7605500
588,2018-05-04,14.52,14.8,14.26,14.7,12.810424,5924400
589,2018-05-07,14.74,14.84,14.6,14.73,12.836568,4953100
590,2018-05-08,14.72,15.02,14.69,14.86,12.949857,8858200
591,2018-05-09,14.94,15.18,14.88,15.09,13.150294,7661100
592,2018-05-10,15.07,15.23,14.97,15.14,13.193867,6562600
593,2018-05-11,15.16,15.23,15.08,15.13,13.185151,5569900
594,2018-05-14,15.17,15.2,15.04,15.11,13.167723,5670800
595,2018-05-15,15.09,15.3,15.05,15.15,13.20258,8096100
596,2018-05-16,15.12,15.23,15.06,15.1,13.159008,9524300
597,2018-05-17,15.1,15.36,15.02,15.35,13.376872,8798700
598,2018-05-18,15.28,15.34,15.12,15.12,13.176439,8085500
599,2018-05-21,15.08,15.36,15.08,15.22,13.263583,8424500
600,2018-05-22,15.22,15.51,15.22,15.36,13.385587,7810900
601,2018-05-23,15.32,15.38,15.08,15.18,13.228724,5839200
602,2018-05-24,15.18,15.19,14.87,15.15,13.20258,6443500
603,2018-05-25,15.06,15.17,15.02,15.1,13.159008,5852000
604,2018-05-29,14.88,14.95,14.39,14.44,12.583845,11540800
605,2018-05-30,14.58,14.9,14.58,14.86,12.949857,9663500
606,2018-05-31,14.81,14.98,14.71,14.87,12.958573,12484800
607,2018-06-01,15.16,15.36,15.05,15.19,13.237439,11876500
608,2018-06-04,15.22,15.37,15.22,15.27,13.307157,7395500
609,2018-06-05,15.22,15.28,15.12,15.28,13.315869,5293100
610,2018-06-06,15.32,15.62,15.31,15.59,13.586021,7902200
611,2018-06-07,15.6,15.76,15.46,15.56,13.559878,8099100
612,2018-06-08,15.55,15.73,15.45,15.69,13.673168,8093900
613,2018-06-11,15.71,15.85,15.52,15.56,13.559878,5178600
614,2018-06-12,15.67,15.74,15.53,15.59,13.586021,9993300
615,2018-06-13,15.65,15.84,15.47,15.55,13.551166,8927700
616,2018-06-14,15.59,15.64,15.29,15.42,13.437876,8168100
617,2018-06-15,15.26,15.42,15.04,15.33,13.455429,15489000
618,2018-06-18,15.23,15.4,15.13,15.33,13.455429,7630700
619,2018-06-19,15.23,15.4,15.13,15.37,13.490538,6669800
620,2018-06-20,15.42,15.51,15.41,15.45,13.560756,6080300
621,2018-06-21,15.45,15.75,15.24,15.61,13.701191,11579500
622,2018-06-22,15.72,15.8,15.33,15.35,13.472984,10115400
623,2018-06-25,15.31,15.32,15.01,15.2,13.341326,7399600
624,2018-06-26,15.22,15.22,14.95,15.05,13.209669,6192900
625,2018-06-27,15.08,15.14,14.8,14.88,13.060455,7933700
626,2018-06-28,14.91,15.04,14.81,14.89,13.069234,8872000
627,2018-06-29,15.0,15.18,14.73,14.76,12.955129,17854600
628,2018-07-02,14.85,14.88,14.69,14.83,13.016568,10078000
629,2018-07-03,14.85,14.97,14.7,14.72,12.92002,4920700
630,2018-07-05,14.85,14.88,14.68,14.75,12.946352,6477600
631,2018-07-06,14.72,14.91,14.63,14.87,13.051679,5792900
632,2018-07-09,14.95,15.21,14.88,15.21,13.350101,8028400
633,2018-07-10,15.21,15.28,14.88,14.98,13.148225,8542900
634,2018-07-11,14.94,15.04,14.81,14.83,13.016568,8612600
635,2018-07-12,14.91,14.94,14.61,14.75,12.946352,7513500
636,2018-07-13,14.74,14.76,14.5,14.65,12.858581,9413400
637,2018-07-16,14.7,14.94,14.68,14.9,13.078009,6779600
638,2018-07-17,14.93,15.04,14.85,14.92,13.095566,5890200
639,2018-07-18,15.02,15.11,14.92,15.05,13.209669,8219900
640,2018-07-19,15.02,15.05,14.85,15.0,13.165782,11357900
641,2018-07-20,14.98,15.14,14.9,15.1,13.253554,10098000
642,2018-07-23,15.12,15.4,15.1,15.37,13.490538,9975500
643,2018-07-24,15.38,15.42,15.15,15.29,13.420321,9887700
644,2018-07-25,15.03,15.31,14.96,15.1,13.253554,12155500
645,2018-07-26,15.17,15.4,15.14,15.31,13.437877,11046600
646,2018-07-27,15.36,15.55,15.33,15.51,13.613419,8294400
647,2018-07-30,15.54,15.72,15.48,15.49,13.595864,8038500
648,2018-07-31,15.58,15.65,15.35,15.44,13.551978,7668400
649,2018-08-01,15.55,15.61,15.39,15.49,13.595864,8153500
650,2018-08-02,15.44,15.72,15.36,15.72,13.797738,7707200
651,2018-08-03,15.73,15.81,15.65,15.73,13.806516,7706200
652,2018-08-06,15.73,15.82,15.63,15.79,13.859179,6802900
653,2018-08-07,15.79,15.97,15.78,15.87,13.929397,7747800
654,2018-08-08,15.9,16.129999,15.85,16.08,14.113719,9731700
655,2018-08-09,16.07,16.209999,15.9,15.93,13.98206,8002300
656,2018-08-10,15.72,15.9,15.66,15.84,13.903067,8476100
657,2018-08-13,15.85,15.96,15.7,15.71,13.788961,7755400
658,2018-08-14,15.74,16.02,15.74,15.93,13.98206,10087500
659,2018-08-15,15.85,16.02,15.78,15.91,13.964506,9723600
660,2018-08-16,15.96,16.110001,15.93,16.0,14.0435,9380200
661,2018-08-17,16.0,16.139999,15.99,16.1,14.131273,6581800
662,2018-08-20,16.1,16.18,16.01,16.110001,14.140051,5712000
663,2018-08-21,16.129999,16.33,16.120001,16.209999,14.227819,7570000
664,2018-08-22,16.059999,16.309999,16.059999,16.209999,14.227819,6035800
665,2018-08-23,16.209999,16.24,16.07,16.18,14.201489,9927900
666,2018-08-24,16.25,16.25,16.110001,16.209999,14.227819,9928400
667,2018-08-27,16.27,16.389999,16.219999,16.27,14.280486,4708800
668,2018-08-28,16.32,16.32,16.17,16.27,14.280486,8260800
669,2018-08-29,16.26,16.379999,16.129999,16.309999,14.315593,7239900
670,2018-08-30,16.33,16.35,16.219999,16.26,14.271708,11956800
671,2018-08-31,16.200001,16.290001,16.16,16.209999,14.227819,7635400
672,2018-09-04,16.18,16.43,16.15,16.4,14.394588,9519900
673,2018-09-05,16.389999,16.5,16.33,16.4,14.394588,8820800
674,2018-09-06,16.42,16.52,16.34,16.34,14.341924,10321400
675,2018-09-07,16.43,16.450001,16.190001,16.25,14.262929,9637900
676,2018-09-10,16.299999,16.33,16.110001,16.139999,14.166382,8170300
677,2018-09-11,16.129999,16.379999,16.09,16.25,14.262929,6741200
678,2018-09-12,16.26,16.290001,15.84,15.87,13.929397,12361900
679,2018-09-13,15.93,16.0,15.62,15.77,13.841626,14794200
680,2018-09-14,15.61,15.75,15.6,15.66,13.868193,15644000
681,2018-09-17,15.72,15.73,15.53,15.65,13.859337,14861900
682,2018-09-18,15.65,15.69,15.48,15.49,13.717645,10617600
683,2018-09-19,15.53,15.83,15.51,15.72,13.921329,10230300
684,2018-09-20,15.78,16.030001,15.78,15.98,14.151578,9069900
685,2018-09-21,16.040001,16.059999,15.92,15.95,14.125012,11435900
686,2018-09-24,15.95,15.99,15.74,15.77,13.965608,8140700
687,2018-09-25,15.84,15.85,15.65,15.67,13.877049,7614800
688,2018-09-26,15.69,15.71,15.28,15.32,13.567096,8455900
689,2018-09-27,15.32,15.36,15.0,15.07,13.345701,23660700
690,2018-09-28,15.01,15.08,14.85,14.92,13.212864,14197700
691,2018-10-01,15.06,15.09,14.87,14.93,13.22172,14785100
692,2018-10-02,14.94,15.04,14.75,14.86,13.159729,11464500
693,2018-10-03,14.93,15.33,14.91,15.27,13.522817,16285200
694,2018-10-04,15.27,15.6,15.27,15.41,13.646798,17688900
695,2018-10-05,15.48,15.56,15.25,15.35,13.593663,13938700
696,2018-10-08,15.3,15.6,15.26,15.56,13.779635,8761000
697,2018-10-09,15.49,15.62,15.4,15.44,13.673365,9983400
698,2018-10-10,15.5,15.67,15.14,15.15,13.416547,15092800
699,2018-10-11,15.11,15.25,14.7,14.7,13.018035,18650200
700,2018-10-12,14.94,14.95,14.06,14.37,12.725793,16977000
701,2018-10-15,14.37,14.46,14.23,14.23,12.601811,10685100
702,2018-10-16,14.3,14.31,13.99,14.28,12.646092,11199600
703,2018-10-17,14.24,14.54,14.12,14.39,12.743506,7782000
704,2018-10-18,14.38,14.51,14.15,14.21,12.584102,13882100
705,2018-10-19,14.16,14.44,14.06,14.2,12.575244,12320200
706,2018-10-22,14.29,14.37,13.63,13.66,12.097032,18800200
707,2018-10-23,13.3,13.99,13.21,13.83,12.247581,19862600
708,2018-10-24,13.79,13.79,13.13,13.16,11.654242,12298400
709,2018-10-25,13.28,13.72,13.19,13.59,12.035042,17823300
710,2018-10-26,13.41,13.79,13.37,13.61,12.052753,20689400
711,2018-10-29,13.82,14.1,13.74,13.88,12.29186,12044800
712,2018-10-30,13.95,14.1,13.68,14.08,12.468976,19465500
713,2018-10-31,14.23,14.58,14.17,14.33,12.69037,12341000
714,2018-11-01,14.41,14.49,14.27,14.38,12.73465,10615700
715,2018-11-02,14.33,14.54,14.07,14.29,12.654946,16853600
716,2018-11-05,14.3,14.46,14.23,14.37,12.725793,10862700
717,2018-11-06,14.37,14.79,14.32,14.59,12.920622,11332900
718,2018-11-07,14.64,14.78,14.38,14.66,12.982614,11174900
719,2018-11-08,14.6,14.86,14.56,14.73,13.044602,9805900
720,2018-11-09,14.7,14.84,14.55,14.67,12.991467,11361200
721,2018-11-12,14.63,14.75,14.55,14.57,12.902909,7758200
722,2018-11-13,14.54,14.78,14.52,14.63,12.956045,11095200
723,2018-11-14,14.74,14.75,14.14,14.46,12.805496,14181000
724,2018-11-15,14.36,14.79,14.16,14.78,13.088881,18019400
725,2018-11-16,14.68,14.94,14.6,14.79,13.097738,17297600
726,2018-11-19,14.82,14.97,14.63,14.84,13.142017,11997300
727,2018-11-20,14.73,14.79,14.48,14.57,12.902909,12023300
728,2018-11-21,14.61,14.74,14.38,14.42,12.770074,11393700
729,2018-11-23,14.35,14.58,14.27,14.47,12.814353,4301900
730,2018-11-26,14.63,14.87,14.63,14.75,13.062314,7929800
731,2018-11-27,14.73,14.83,14.56,14.63,12.956045,9994800
732,2018-11-28,14.68,14.77,14.45,14.68,13.000323,10107700
733,2018-11-29,14.48,14.65,14.38,14.5,12.840919,8405300
734,2018-11-30,14.44,14.65,14.44,14.59,12.920622,12612500
735,2018-12-03,14.81,14.85,14.38,14.48,12.823207,14556200
736,2018-12-04,14.41,14.45,13.6,13.68,12.114743,17272700
737,2018-12-06,13.47,13.68,13.16,13.63,12.070462,24255700
738,2018-12-07,13.59,13.78,13.37,13.42,11.884492,18071300
739,2018-12-10,13.37,13.39,12.84,13.02,11.53026,10966500
740,2018-12-11,13.18,13.25,12.69,12.76,11.30001,12091400
741,2018-12-12,12.94,13.04,12.66,12.72,11.264585,16674300
742,2018-12-13,12.77,12.81,12.34,12.41,10.990055,13859700
743,2018-12-14,12.33,12.52,12.15,12.17,10.777516,13371100
744,2018-12-17,11.99,12.15,11.87,11.9,10.661052,15167400
745,2018-12-18,11.97,12.07,11.69,11.76,10.535626,14139700
746,2018-12-19,11.77,11.98,11.44,11.5,10.302696,19903300
747,2018-12-20,11.43,11.74,11.41,11.59,10.383327,18955000
748,2018-12-21,11.53,11.77,11.48,11.59,10.383327,43622000
749,2018-12-24,11.47,11.6,11.2,11.29,10.114559,10457000
750,2018-12-26,11.33,11.8,11.12,11.79,10.562504,12572400
751,2018-12-27,11.6,11.81,11.41,11.81,10.580422,13689600
752,2018-12-28,11.89,12.04,11.75,11.89,10.652093,12186400
753,2018-12-31,11.91,12.08,11.72,11.92,10.678969,12627900
754,2019-01-02,11.78,12.16,11.72,12.14,10.876065,10385800
755,2019-01-03,12.06,12.27,12.0,12.04,10.786475,8967000
756,2019-01-04,12.27,12.4,12.2,12.38,11.091078,11130000
757,2019-01-07,12.31,12.6,12.21,12.43,11.135871,9592800
758,2019-01-08,12.56,12.59,12.29,12.55,11.243378,10149100
759,2019-01-09,12.56,12.7,12.46,12.65,11.332968,7867300
760,2019-01-10,12.61,12.67,12.43,12.56,11.252337,8618200
761,2019-01-11,12.53,12.73,12.42,12.63,11.315048,8150600
762,2019-01-14,12.55,12.86,12.51,12.83,11.494226,11405000
763,2019-01-15,12.8,12.89,12.61,12.88,11.53902,9649200
764,2019-01-16,13.06,13.32,12.91,13.27,11.888417,8597500
765,2019-01-17,13.21,13.44,13.09,13.36,11.969045,9049600
766,2019-01-18,13.44,13.63,13.24,13.59,12.1751,14025800
767,2019-01-22,13.51,13.63,13.45,13.52,12.112387,14975000
768,2019-01-23,13.64,13.69,13.4,13.56,12.148223,17047200
769,2019-01-24,13.42,13.63,13.23,13.45,12.049675,17733600
770,2019-01-25,13.56,13.72,13.45,13.55,12.139264,12721100
771,2019-01-28,13.41,13.62,13.36,13.57,12.157183,12595300
772,2019-01-29,13.56,13.72,13.48,13.56,12.148223,8231300
773,2019-01-30,13.58,13.62,13.47,13.49,12.085511,7524200
774,2019-01-31,13.41,13.46,13.08,13.24,11.861539,17579000
775,2019-02-01,13.33,13.41,13.24,13.32,11.933209,10660200
776,2019-02-04,13.31,13.43,13.19,13.41,12.01384,8219000
777,2019-02-05,13.41,13.44,13.21,13.3,11.915292,7927300
778,2019-02-06,13.25,13.39,13.21,13.38,11.986964,9236300
779,2019-02-07,13.61,14.06,13.6,13.96,12.506577,30562900
780,2019-02-08,13.87,13.92,13.53,13.62,12.201976,10787800
781,2019-02-11,13.67,13.82,13.64,13.73,12.300523,13725900
782,2019-02-12,13.86,14.05,13.81,13.86,12.416988,12941300
783,2019-02-13,13.92,14.01,13.86,13.89,12.443866,8677500
784,2019-02-14,13.73,13.8,13.57,13.69,12.264688,8564300
785,2019-02-15,13.83,14.03,13.76,14.01,12.551371,8385000
786,2019-02-19,13.92,14.17,13.85,14.12,12.64992,7375800
787,2019-02-20,14.15,14.34,14.06,14.27,12.784303,19086800
788,2019-02-21,14.28,14.32,14.14,14.2,12.72159,10406600
789,2019-02-22,14.23,14.39,14.15,14.33,12.838054,12013300
790,2019-02-25,14.43,14.61,14.39,14.4,12.900766,14219100
791,2019-02-26,14.34,14.49,14.18,14.3,12.81118,11996100
792,2019-02-27,14.29,14.4,14.23,14.37,12.873891,8495700
793,2019-02-28,14.39,14.45,14.34,14.41,12.909727,8890400
794,2019-03-01,14.45,14.61,14.32,14.4,12.900766,12398500
795,2019-03-04,14.41,14.55,14.2,14.37,12.873891,10686100
796,2019-03-05,14.35,14.38,14.05,14.27,12.784303,10636700
797,2019-03-06,14.27,14.33,14.0,14.03,12.569288,9192000
798,2019-03-07,13.95,13.95,13.65,13.69,12.264688,18118200
799,2019-03-08,13.59,13.79,13.55,13.76,12.327401,14976900
800,2019-03-11,13.78,13.94,13.69,13.7,12.273648,21784000
801,2019-03-12,13.76,13.85,13.67,13.72,12.291565,14741300
802,2019-03-13,13.78,14.0,13.74,13.92,12.470742,12356100
803,2019-03-14,13.94,14.12,13.91,14.07,12.605125,11941400
804,2019-03-15,13.95,14.02,13.75,13.75,12.442245,50648700
805,2019-03-18,13.85,14.0,13.82,13.92,12.596076,36485000
806,2019-03-19,13.99,14.0,13.55,13.58,12.288414,12847900
807,2019-03-20,13.56,13.67,12.92,12.96,11.72738,17573800
808,2019-03-21,12.91,13.01,12.59,12.62,11.419719,43579100
809,2019-03-22,12.53,12.54,12.15,12.25,11.084908,31984800
810,2019-03-25,12.25,12.45,12.19,12.32,11.148252,16680500
811,2019-03-26,12.38,12.59,12.35,12.57,11.374474,13635500
812,2019-03-27,12.54,12.68,12.48,12.61,11.410669,16554900
813,2019-03-28,12.62,12.79,12.54,12.77,11.555452,11929000
814,2019-03-29,12.89,12.9,12.67,12.68,11.474011,12533100
815,2019-04-01,12.77,13.18,12.77,13.14,11.890263,15140700
816,2019-04-02,13.1,13.33,13.05,13.18,11.926458,9446300
817,2019-04-03,13.33,13.48,13.16,13.21,11.953604,11723300
818,2019-04-04,13.16,13.39,13.12,13.32,12.053141,13264600
819,2019-04-05,13.34,13.39,13.22,13.31,12.044094,12583900
820,2019-04-08,13.3,13.4,13.27,13.4,12.125533,11993500
821,2019-04-09,13.33,13.37,13.12,13.17,11.917408,12937600
822,2019-04-10,13.23,13.31,13.0,13.3,12.035043,11536300
823,2019-04-11,13.4,13.5,13.27,13.35,12.080288,8451200
824,2019-04-12,13.54,13.81,13.46,13.69,12.38795,14201700
825,2019-04-15,13.7,13.72,13.44,13.46,12.179829,8636700
826,2019-04-16,13.49,13.72,13.29,13.66,12.360804,15827500
827,2019-04-17,13.7,13.83,13.58,13.83,12.514636,9547300
828,2019-04-18,13.82,13.82,13.6,13.61,12.31556,13804800
829,2019-04-22,13.62,13.71,13.52,13.64,12.342707,7472400
830,2019-04-23,13.67,13.81,13.49,13.79,12.47844,9995700
831,2019-04-24,13.75,13.78,13.53,13.74,12.433195,8957600
832,2019-04-25,13.54,13.96,13.21,13.68,12.378902,17189100
833,2019-04-26,13.68,13.87,13.59,13.74,12.433195,11406300
834,2019-04-29,13.77,14.06,13.72,13.93,12.605125,12201500
835,2019-04-30,13.99,14.03,13.8,13.92,12.596076,11065200
836,2019-05-01,13.88,14.03,13.59,13.77,12.460342,12682600
837,2019-05-02,13.79,13.99,13.77,13.94,12.614173,8125700
838,2019-05-03,13.96,14.11,13.94,14.09,12.749907,8329900
839,2019-05-06,13.87,14.06,13.8,13.96,12.632272,5941900
840,2019-05-07,13.78,13.85,13.56,13.65,12.351756,11266600
841,2019-05-08,13.63,13.72,13.51,13.54,12.252216,8576200
842,2019-05-09,13.4,13.65,13.28,13.58,12.288414,8824100
843,2019-05-10,13.53,13.69,13.4,13.66,12.360804,7429900
844,2019-05-13,13.41,13.47,13.02,13.06,11.81787,11687700
845,2019-05-14,13.08,13.35,13.06,13.26,11.998848,8338100
846,2019-05-15,13.08,13.12,12.86,12.97,11.736431,13571900
847,2019-05-16,13.07,13.23,13.02,13.17,11.917408,8698000
848,2019-05-17,13.04,13.41,13.03,13.22,11.962653,14109500
849,2019-05-20,13.15,13.41,13.15,13.32,12.053141,10814100
850,2019-05-21,13.41,13.52,13.36,13.45,12.170776,9028300
851,2019-05-22,13.37,13.41,13.26,13.33,12.062191,8565200
852,2019-05-23,13.2,13.22,12.96,13.06,11.81787,9244500
853,2019-05-24,13.13,13.25,13.1,13.21,11.953604,7099200
854,2019-05-28,13.16,13.28,13.06,13.08,11.835968,14139400
855,2019-05-29,12.94,13.15,12.86,13.11,11.863114,15448900
856,2019-05-30,13.11,13.28,12.85,12.94,11.709283,13694500
857,2019-05-31,12.81,12.82,12.63,12.65,11.446866,8581300
858,2019-06-03,12.6,12.92,12.58,12.83,11.609744,8563900
859,2019-06-04,13.01,13.41,12.99,13.37,12.098385,8095200
860,2019-06-05,13.37,13.47,13.16,13.41,12.134582,8449200
861,2019-06-06,13.4,13.47,13.25,13.37,12.098385,7441300
862,2019-06-07,13.36,13.42,13.24,13.26,11.998848,8156600
863,2019-06-10,13.41,13.63,13.37,13.43,12.15268,8007400
864,2019-06-11,13.57,13.78,13.47,13.54,12.252216,7662300
865,2019-06-12,13.55,13.64,13.38,13.41,12.134582,5527200
866,2019-06-13,13.47,13.59,13.36,13.43,12.15268,6424400
867,2019-06-14,13.31,13.41,13.1,13.36,12.216689,6982900
868,2019-06-17,13.39,13.47,13.1,13.13,12.006371,7905100
869,2019-06-18,13.14,13.43,13.08,13.37,12.225833,9425500
870,2019-06-19,13.44,13.68,13.19,13.22,12.088671,10491100
871,2019-06-20,13.29,13.35,12.91,13.26,12.125248,10208000
872,2019-06-21,13.22,13.47,13.21,13.33,12.189257,12814400
873,2019-06-24,13.3,13.53,13.19,13.39,12.244123,9434300
874,2019-06-25,13.38,13.47,13.12,13.41,12.262411,12249400
875,2019-06-26,13.51,13.69,13.41,13.45,12.298987,14240000
876,2019-06-27,13.52,13.76,13.48,13.65,12.481872,10397800
877,2019-06-28,13.82,14.0,13.56,13.82,12.637323,14348600
878,2019-07-01,14.0,14.06,13.74,13.82,12.637323,10904600
879,2019-07-02,13.8,13.85,13.52,13.62,12.454438,6952900
880,2019-07-03,13.69,13.84,13.62,13.83,12.646469,4493300
881,2019-07-05,13.95,14.16,13.84,13.92,12.728767,7398300
882,2019-07-08,13.8,13.9,13.66,13.73,12.555025,10361100
883,2019-07-09,13.64,13.89,13.6,13.85,12.664757,6480600
884,2019-07-10,13.86,13.87,13.64,13.72,12.545881,5578000
885,2019-07-11,13.75,13.89,13.67,13.86,12.673901,6054200
886,2019-07-12,13.92,13.92,13.69,13.87,12.683045,10259700
887,2019-07-15,13.87,13.87,13.61,13.68,12.509305,6942500
888,2019-07-16,13.69,13.74,13.56,13.7,12.527594,6524700
889,2019-07-17,13.6,13.64,13.44,13.59,12.427007,9401900
890,2019-07-18,13.53,13.87,13.5,13.76,12.582459,8705100
891,2019-07-19,13.78,14.05,13.72,13.88,12.69219,7307500
892,2019-07-22,13.88,13.9,13.75,13.79,12.609891,7102700
893,2019-07-23,13.86,14.09,13.78,14.08,12.875073,8196500
894,2019-07-24,14.08,14.4,14.03,14.34,13.112824,12123900
895,2019-07-25,14.15,14.6,14.02,14.41,13.176834,14371400
896,2019-07-26,14.43,14.67,14.35,14.61,13.359718,9807300
897,2019-07-29,14.57,14.66,14.32,14.33,13.103679,9226500
898,2019-07-30,14.27,14.45,14.18,14.44,13.204266,8031300
899,2019-07-31,14.39,14.49,14.21,14.25,13.030525,12041400
900,2019-08-01,14.22,14.33,13.49,13.57,12.408718,13769000
901,2019-08-02,13.57,13.62,13.28,13.48,12.326421,9772200
902,2019-08-05,13.22,13.25,12.8,12.93,11.823487,9904400
903,2019-08-06,13.08,13.13,12.81,13.06,11.942362,6741900
904,2019-08-07,12.81,12.89,12.55,12.8,11.704614,12029900
905,2019-08-08,12.91,13.14,12.9,13.0,11.887497,6692800
906,2019-08-09,12.96,13.1,12.83,13.0,11.887497,4737300
907,2019-08-12,12.84,12.89,12.71,12.75,11.658891,6349800
908,2019-08-13,12.7,13.11,12.64,12.9,11.796054,7400200
909,2019-08-14,12.57,12.69,12.33,12.44,11.375421,8756700
910,2019-08-15,12.52,12.58,12.36,12.42,11.357131,10787200
911,2019-08-16,12.57,12.94,12.54,12.93,11.823487,10024600
912,2019-08-19,13.18,13.22,13.03,13.1,11.97894,8416600
913,2019-08-20,12.98,13.0,12.82,12.9,11.796054,8868100
914,2019-08-21,13.01,13.08,12.86,12.93,11.823487,6829400
915,2019-08-22,12.99,13.09,12.83,12.91,11.8052,8290700
916,2019-08-23,12.84,12.97,12.39,12.45,11.384564,7562100
917,2019-08-26,12.58,12.63,12.45,12.62,11.540016,4583200
918,2019-08-27,12.69,12.71,12.37,12.56,11.485152,8397800
919,2019-08-28,12.5,12.91,12.47,12.87,11.768622,8775400
920,2019-08-29,13.0,13.23,12.99,13.22,12.088671,7798500
921,2019-08-30,13.33,13.42,13.23,13.25,12.116103,7066500
922,2019-09-03,13.14,13.16,12.77,12.88,11.777766,9304100
923,2019-09-04,13.02,13.07,12.88,13.05,11.933218,7329600
924,2019-09-05,13.27,13.63,13.25,13.54,12.381285,8269900
925,2019-09-06,13.55,13.61,13.45,13.54,12.381285,5964200
926,2019-09-09,13.67,14.29,13.65,14.17,12.957373,11258800
927,2019-09-10,14.23,14.45,14.2,14.37,13.140257,10631700
928,2019-09-11,14.37,14.62,14.08,14.61,13.359718,12800800
929,2019-09-12,14.43,14.81,14.24,14.65,13.396294,11299100
930,2019-09-13,14.78,14.97,14.7,14.75,13.487737,13025700
931,2019-09-16,14.45,14.67,14.35,14.62,13.506215,10028000
932,2019-09-17,14.52,14.59,14.39,14.55,13.441546,5871500
933,2019-09-18,14.45,14.71,14.37,14.59,13.478499,7187300
934,2019-09-19,14.54,14.69,14.44,14.47,13.367641,4353600
935,2019-09-20,14.5,14.53,14.33,14.4,13.302974,12947400
936,2019-09-23,14.28,14.54,14.23,14.45,13.349166,5316800
937,2019-09-24,14.52,14.54,14.13,14.21,13.127449,8164100
938,2019-09-25,14.21,14.45,14.15,14.37,13.27526,6012300
939,2019-09-26,14.29,14.38,14.23,14.25,13.1644,5361000
940,2019-09-27,14.42,14.56,14.21,14.35,13.256783,7758000
941,2019-09-30,14.41,14.45,14.24,14.27,13.182878,5242100
942,2019-10-01,14.35,14.48,13.9,13.92,12.859541,6720000
943,2019-10-02,13.85,13.89,13.56,13.67,12.628587,8297700
944,2019-10-03,13.64,13.79,13.4,13.78,12.730206,6545000
945,2019-10-04,13.8,13.93,13.66,13.92,12.859541,5746600
946,2019-10-07,13.91,14.01,13.82,13.84,12.785635,5637000
947,2019-10-08,13.65,13.72,13.48,13.5,12.471539,8385800
948,2019-10-09,13.59,13.7,13.47,13.57,12.536205,4872800
949,2019-10-10,13.66,13.89,13.65,13.73,12.684015,7461700
950,2019-10-11,14.05,14.17,13.97,13.99,12.924208,7425400
951,2019-10-14,13.86,14.06,13.69,14.03,12.961161,3477900
952,2019-10-15,14.07,14.32,13.98,14.25,13.1644,5631800
953,2019-10-16,14.3,14.38,14.13,14.2,13.11821,5819200
954,2019-10-17,14.27,14.28,14.08,14.18,13.099733,5303700
955,2019-10-18,14.11,14.28,14.1,14.19,13.108972,10829800
956,2019-10-21,14.35,14.43,14.27,14.36,13.266022,5746900
957,2019-10-22,14.37,14.53,14.14,14.43,13.330688,7156500
958,2019-10-23,14.4,14.53,14.32,14.47,13.367641,9241300
959,2019-10-24,14.39,14.5,14.14,14.33,13.238306,9814300
960,2019-10-25,14.24,14.51,14.24,14.48,13.37688,7339300
961,2019-10-28,14.57,14.64,14.47,14.58,13.469261,8242000
962,2019-10-29,14.5,14.64,14.39,14.46,13.358401,8147800
963,2019-10-30,14.4,14.41,14.15,14.21,13.127449,9602200
964,2019-10-31,14.12,14.3,13.83,14.13,13.053544,13289800
965,2019-11-01,14.29,14.36,14.2,14.34,13.247545,9100600
966,2019-11-04,14.47,14.72,14.41,14.7,13.580118,6715300
967,2019-11-05,14.75,15.0,14.68,14.87,13.737168,8422200
968,2019-11-06,14.83,14.98,14.78,14.91,13.774119,9596900
969,2019-11-07,15.0,15.16,14.94,14.98,13.838786,9075300
970,2019-11-08,14.94,14.99,14.79,14.98,13.838786,7450700
971,2019-11-11,14.85,15.01,14.81,14.93,13.792599,5536200
972,2019-11-12,14.96,15.0,14.83,14.91,13.774119,4663800
973,2019-11-13,14.78,14.83,14.62,14.67,13.552404,5863600
974,2019-11-14,14.63,14.77,14.58,14.69,13.570881,6386800
975,2019-11-15,14.68,14.82,14.68,14.79,13.663263,5977900
976,2019-11-18,14.77,14.8,14.68,14.73,13.607834,7276500
977,2019-11-19,14.79,14.87,14.7,14.79,13.663263,6612800
978,2019-11-20,14.69,14.78,14.56,14.66,13.543168,7644500
979,2019-11-21,14.76,14.78,14.56,14.69,13.570881,7202900
980,2019-11-22,14.74,14.9,14.71,14.86,13.72793,5532900
981,2019-11-25,14.93,14.96,14.84,14.91,13.774119,6741400
982,2019-11-26,14.91,14.91,14.75,14.77,13.644786,7988900
983,2019-11-27,14.85,14.95,14.79,14.92,13.78336,5373000
984,2019-11-29,14.87,14.98,14.84,14.89,13.755645,3267700
985,2019-12-02,14.97,15.07,14.8,14.83,13.700215,5660200
986,2019-12-03,14.65,14.71,14.45,14.65,13.533928,7930000
987,2019-12-04,14.7,14.93,14.66,14.85,13.718691,5801300
988,2019-12-05,14.94,15.0,14.84,14.89,13.755645,5641100
989,2019-12-06,15.1,15.25,15.01,15.21,14.051267,6946200
990,2019-12-09,15.15,15.33,15.14,15.28,14.115933,7230600
991,2019-12-10,15.24,15.43,15.21,15.37,14.199077,5813800
992,2019-12-11,15.46,15.57,15.18,15.21,14.051267,10854100
993,2019-12-12,15.27,15.63,15.26,15.6,14.411556,13294100
994,2019-12-13,15.47,15.62,15.28,15.35,14.180601,11648900
995,2019-12-16,15.52,15.6,15.34,15.34,14.171362,15339400
996,2019-12-17,15.22,15.35,15.16,15.33,14.301974,12084500
997,2019-12-18,15.35,15.41,15.25,15.3,14.273986,17565100
998,2019-12-19,15.35,15.35,15.14,15.16,14.143374,7491800
999,2019-12-20,15.35,15.35,15.09,15.15,14.134045,18442500
1000,2019-12-23,15.19,15.22,15.03,15.12,14.106057,5301200
1001,2019-12-24,15.14,15.17,15.03,15.15,14.134045,7036600
1002,2019-12-26,15.2,15.2,15.09,15.18,14.162032,6087700
1003,2019-12-27,15.16,15.21,15.05,15.12,14.106057,5085600
1004,2019-12-30,15.19,15.2,15.02,15.04,14.031421,5750900
1005,2019-12-31,15.06,15.1,14.98,15.08,14.068739,6654400
1006,2020-01-02,15.12,15.16,14.85,14.99,13.984775,9975100
1007,2020-01-03,14.79,14.86,14.6,14.81,13.816847,7858600
1008,2020-01-06,14.6,14.64,14.48,14.57,13.592938,7198700
1009,2020-01-07,14.47,14.57,14.31,14.41,13.443669,7101800
1010,2020-01-08,14.42,14.59,14.4,14.53,13.555622,9332700
1011,2020-01-09,14.57,14.62,14.46,14.56,13.583611,5915900
1012,2020-01-10,14.58,14.58,14.33,14.38,13.415682,5809900
1013,2020-01-13,14.43,14.5,14.35,14.46,13.490316,9214100
1014,2020-01-14,14.49,14.64,14.4,14.6,13.620929,11634100
1015,2020-01-15,14.5,14.56,14.34,14.46,13.490316,12287400
1016,2020-01-16,14.55,14.75,14.53,14.66,13.676905,8456200
1017,2020-01-17,14.74,14.77,14.61,14.71,13.723552,9582900
1018,2020-01-21,14.62,14.72,14.48,14.61,13.630258,9144000
1019,2020-01-22,14.58,14.86,14.56,14.73,13.742209,16634100
1020,2020-01-23,14.72,14.72,13.93,14.27,13.313059,23476700
1021,2020-01-24,14.27,14.31,13.68,13.72,12.799941,18484800
1022,2020-01-27,13.45,13.61,13.41,13.49,12.585365,14859100
1023,2020-01-28,13.56,13.7,13.47,13.6,12.687988,10854000
1024,2020-01-29,13.61,13.69,13.45,13.48,12.576035,5976700
1025,2020-01-30,13.41,13.76,13.36,13.75,12.827929,9733800
1026,2020-01-31,13.77,13.77,13.51,13.57,12.659999,11535300
1027,2020-02-03,13.7,13.93,13.69,13.72,12.799941,12078600
1028,2020-02-04,13.93,14.09,13.85,13.87,12.939881,9276400
1029,2020-02-05,14.08,14.2,14.0,14.09,13.145129,12139500
1030,2020-02-06,14.18,14.24,13.96,13.97,13.033175,7625700
1031,2020-02-07,13.91,14.04,13.78,13.96,13.023845,6278000
1032,2020-02-10,13.89,13.98,13.85,13.93,12.995859,5460300
1033,2020-02-11,13.99,14.14,13.96,14.03,13.089151,5115000
1034,2020-02-12,14.1,14.22,14.02,14.05,13.107812,5206800
1035,2020-02-13,14.01,14.15,13.94,14.15,13.201105,7647200
1036,2020-02-14,14.15,14.16,14.0,14.08,13.135798,5274700
1037,2020-02-18,14.03,14.12,13.73,13.91,12.977199,6393800
1038,2020-02-19,13.95,14.06,13.93,14.03,13.089151,6607100
1039,2020-02-20,14.02,14.22,13.99,14.14,13.191775,5123300
1040,2020-02-21,14.01,14.08,13.8,13.91,12.977199,8930500
1041,2020-02-24,13.56,13.59,13.38,13.5,12.594695,7364300
1042,2020-02-25,13.52,13.55,12.79,12.83,11.969625,12025000
1043,2020-02-26,13.11,13.19,12.68,12.7,11.848341,12170700
1044,2020-02-27,12.45,12.83,12.2,12.35,11.521811,21359200
1045,2020-02-28,12.15,12.32,11.91,12.27,11.447179,33656500
1046,2020-03-02,12.23,13.13,11.97,12.94,12.072247,19653100
1047,2020-03-03,12.78,13.36,12.44,12.58,11.736389,25218500
1048,2020-03-04,12.7,12.82,12.39,12.65,11.801694,21492600
1049,2020-03-05,12.24,12.31,11.58,11.78,10.990037,16861900
1050,2020-03-06,11.12,11.61,10.87,11.12,10.374297,20856400
1051,2020-03-09,10.55,10.99,9.24,9.45,8.816285,20120800
1052,2020-03-10,9.93,10.19,9.25,9.97,9.301415,20124300
1053,2020-03-11,9.62,9.66,9.01,9.13,8.517744,29290700
1054,2020-03-12,8.39,9.05,7.96,8.38,7.81804,17195700
1055,2020-03-13,9.2,9.5,8.52,9.5,8.862933,15997600
1056,2020-03-16,7.94,8.55,7.75,8.43,7.864687,15691400
1057,2020-03-17,8.61,8.79,7.68,8.37,7.950171,24100500
1058,2020-03-18,7.82,7.99,7.35,7.72,7.332775,16587900
1059,2020-03-19,7.47,7.76,6.86,7.68,7.294782,22654000
1060,2020-03-20,7.8,8.07,7.25,7.62,7.237792,20332400
1061,2020-03-23,7.58,7.78,6.85,7.0,6.64889,12937100
1062,2020-03-24,7.42,7.67,7.23,7.43,7.057322,19288000
1063,2020-03-25,7.58,7.94,7.18,7.64,7.256788,18525700
1064,2020-03-26,7.51,8.6,7.44,8.5,8.073651,15544400
1065,2020-03-27,8.06,8.62,7.98,8.3,7.883684,15901900
1066,2020-03-30,8.23,8.45,7.93,8.38,7.959671,10411800
1067,2020-03-31,8.29,8.52,7.98,8.21,7.798198,15633500
1068,2020-04-01,7.8,7.81,7.34,7.45,7.076318,10230600
1069,2020-04-02,7.33,7.78,7.15,7.37,7.00033,10177200
1070,2020-04-03,7.29,7.45,6.82,6.83,6.487417,13744500
1071,2020-04-06,7.35,7.57,7.21,7.49,7.114312,17535100
1072,2020-04-07,8.01,8.39,7.75,8.13,7.72221,21015000
1073,2020-04-08,8.24,8.88,8.24,8.81,8.368102,15218300
1074,2020-04-09,9.12,9.57,8.84,9.03,8.577067,20652300
1075,2020-04-13,9.09,9.15,8.55,8.72,8.282617,10161300
1076,2020-04-14,8.9,8.93,8.15,8.4,7.978668,12515400
1077,2020-04-15,8.01,8.01,7.69,7.73,7.342274,9741800
1078,2020-04-16,7.7,7.71,7.12,7.18,6.819861,15604400
1079,2020-04-17,7.63,8.15,7.53,8.06,7.655722,16009300
1080,2020-04-20,7.78,8.32,7.58,8.14,7.731709,14228200
1081,2020-04-21,7.79,8.04,7.68,7.8,7.408762,10177700
1082,2020-04-22,8.05,8.12,7.85,8.04,7.636725,16715900
1083,2020-04-23,7.87,8.33,7.75,7.92,7.522744,11192400
1084,2020-04-24,8.1,8.36,7.91,8.16,7.750705,15456100
1085,2020-04-27,8.23,8.97,8.19,8.91,8.463087,14702800
1086,2020-04-28,9.3,9.54,9.0,9.14,8.68155,11891400
1087,2020-04-29,9.49,9.78,9.3,9.64,9.15647,12653400
1088,2020-04-30,9.37,9.53,9.11,9.24,8.776535,14807300
1089,2020-05-01,8.97,9.05,8.44,8.57,8.140141,12221100
1090,2020-05-04,8.34,8.48,8.23,8.43,8.007163,9257200
1091,2020-05-05,8.57,8.82,8.28,8.28,7.864686,7528200
1092,2020-05-06,8.35,8.45,8.0,8.23,7.817194,10997100
1093,2020-05-07,8.33,8.65,8.18,8.25,7.836191,12373300
1094,2020-05-08,8.51,8.7,8.43,8.65,8.216127,6504100
1095,2020-05-11,8.51,8.6,8.18,8.23,7.817194,7664800
1096,2020-05-12,8.29,8.38,7.83,7.86,7.465753,9928300
1097,2020-05-13,7.81,7.81,7.29,7.39,7.019328,12022200
1098,2020-05-14,7.19,7.78,6.99,7.71,7.323277,13099700
1099,2020-05-15,7.62,7.73,7.46,7.51,7.133309,8470900
1100,2020-05-18,7.94,8.32,7.88,8.26,7.84569,9626700
1101,2020-05-19,8.15,8.22,7.86,7.88,7.48475,8270700
1102,2020-05-20,8.06,8.25,8.06,8.21,7.798198,8735200
1103,2020-05-21,8.13,8.38,8.12,8.17,7.760204,7594200
1104,2020-05-22,8.23,8.27,7.96,8.1,7.693716,4908600
1105,2020-05-26,8.49,9.12,8.48,8.99,8.539074,9933000
1106,2020-05-27,9.48,9.72,9.16,9.52,9.04249,11190900
1107,2020-05-28,9.61,9.7,9.05,9.11,8.653055,16327200
1108,2020-05-29,8.91,9.12,8.78,8.89,8.444091,15744700
1109,2020-06-01,8.92,9.21,8.81,9.1,8.643558,7419500
1110,2020-06-02,9.27,9.42,9.12,9.2,8.73854,10105800
1111,2020-06-03,9.5,10.0,9.43,9.9,9.40343,11556900
1112,2020-06-04,9.83,10.47,9.7,10.47,9.944839,12353700
1113,2020-06-05,11.37,11.68,10.85,10.99,10.438757,14563000
1114,2020-06-08,11.36,11.46,11.01,11.35,10.7807,10438500
1115,2020-06-09,10.94,11.17,10.77,11.0,10.448255,9279600
1116,2020-06-10,10.87,11.01,10.38,10.4,9.87835,21210500
1117,2020-06-11,9.82,9.97,9.43,9.48,9.004496,12517000
1118,2020-06-12,10.03,10.1,9.53,9.89,9.393932,11399000
1119,2020-06-15,9.47,10.21,9.39,10.12,9.612394,12983000
1120,2020-06-16,10.42,10.53,9.97,10.28,9.911276,10490100
1121,2020-06-17,10.37,10.38,10.08,10.12,9.757014,8631100
1122,2020-06-18,9.98,10.33,9.88,10.16,9.79558,9694200
1123,2020-06-19,10.32,10.39,9.87,10.29,9.920917,30329800
1124,2020-06-22,10.18,10.28,10.01,10.12,9.757014,8338500
1125,2020-06-23,10.3,10.45,10.16,10.2,9.834145,9562900
1126,2020-06-24,10.04,10.05,9.51,9.54,9.197818,13394700
1127,2020-06-25,9.5,9.93,9.44,9.89,9.535265,8499100
1128,2020-06-26,9.61,9.61,8.78,8.8,8.484361,23500200
1129,2020-06-29,9.04,9.11,8.75,8.87,8.551849,21560800
1130,2020-06-30,8.75,9.12,8.66,9.04,8.715752,22709500
1131,2020-07-01,9.02,9.13,8.57,8.64,8.3301,18734100
1132,2020-07-02,8.94,9.01,8.55,8.6,8.291534,13712300
1133,2020-07-06,8.8,9.01,8.65,8.77,8.455437,12276000
1134,2020-07-07,8.65,8.69,8.36,8.39,8.089067,10348800
1135,2020-07-08,8.36,8.54,8.23,8.44,8.137272,8159200
1136,2020-07-09,8.35,8.37,8.01,8.06,7.770904,10145100
1137,2020-07-10,8.08,8.51,8.06,8.51,8.204762,8519100
1138,2020-07-13,8.71,8.81,8.35,8.67,8.359024,9467400
1139,2020-07-14,8.67,8.78,8.4,8.63,8.320457,19011200
1140,2020-07-15,8.87,9.14,8.78,9.11,8.783241,8891100
1141,2020-07-16,8.97,9.27,8.89,9.07,8.744675,6343500
1142,2020-07-17,8.99,9.16,8.89,8.92,8.600057,9157300
1143,2020-07-20,8.79,8.91,8.72,8.73,8.41687,5836300
1144,2020-07-21,8.83,9.25,8.77,9.22,8.889296,10251400
1145,2020-07-22,9.14,9.27,9.04,9.23,8.898937,6094200
1146,2020-07-23,9.46,9.8,9.34,9.7,9.352078,9209300
1147,2020-07-24,9.76,9.82,9.55,9.6,9.255666,10270800
1148,2020-07-27,9.6,9.62,9.24,9.27,8.937503,11633800
1149,2020-07-28,9.22,9.4,9.12,9.13,8.802525,12542300
1150,2020-07-29,9.09,9.48,9.02,9.45,9.111046,10357800
1151,2020-07-30,9.22,9.33,9.02,9.31,8.976068,6761100
1152,2020-07-31,9.18,9.29,9.09,9.27,8.937503,14092100
1153,2020-08-03,9.37,9.38,9.16,9.27,8.937503,7791200
1154,2020-08-04,9.3,9.3,9.12,9.17,8.841089,6545100
1155,2020-08-05,9.25,9.43,9.18,9.39,9.053198,6292900
1156,2020-08-06,9.3,9.46,9.23,9.3,8.966427,4408900
1157,2020-08-07,9.23,9.68,9.17,9.66,9.313513,7202500
1158,2020-08-10,9.72,9.95,9.67,9.87,9.515981,6664700
1159,2020-08-11,10.09,10.42,10.04,10.09,9.72809,7255700
1160,2020-08-12,10.29,10.39,9.8,9.97,9.612395,6369800
1161,2020-08-13,9.81,9.95,9.74,9.77,9.419569,4153600
1162,2020-08-14,9.73,10.04,9.66,9.9,9.544906,5322300
1163,2020-08-17,9.86,9.88,9.73,9.78,9.429209,5472300
1164,2020-08-18,9.78,9.78,9.52,9.53,9.188176,4551100
1165,2020-08-19,9.54,9.71,9.46,9.52,9.178535,7293800
1166,2020-08-20,9.45,9.46,9.19,9.2,8.870012,7664800
1167,2020-08-21,9.22,9.34,9.08,9.11,8.783241,7932300
1168,2020-08-24,9.2,9.58,9.16,9.55,9.20746,10128100
1169,2020-08-25,9.69,9.78,9.49,9.58,9.236383,10667100
1170,2020-08-26,9.58,9.58,9.39,9.41,9.072481,5336300
1171,2020-08-27,9.39,9.71,9.37,9.64,9.29423,5371500
1172,2020-08-28,9.71,9.74,9.52,9.57,9.226742,10208400
1173,2020-08-31,9.55,9.55,9.32,9.41,9.072481,8529800
1174,2020-09-01,9.31,9.6,9.25,9.44,9.101404,6877000
1175,2020-09-02,9.41,9.74,9.35,9.69,9.342438,10151900
1176,2020-09-03,9.76,10.09,9.6,9.65,9.303872,7450300
1177,2020-09-04,9.89,10.08,9.72,9.94,9.58347,9643800
1178,2020-09-08,9.74,9.88,9.61,9.72,9.371363,13322300
1179,2020-09-09,9.85,9.9,9.67,9.79,9.438851,9755800
1180,2020-09-10,9.89,9.99,9.57,9.58,9.236383,7392700
1181,2020-09-11,9.61,9.76,9.5,9.68,9.332797,8156700
1182,2020-09-14,9.74,10.16,9.73,10.12,9.757014,12025900
1183,2020-09-15,10.07,10.11,9.89,10.0,9.641318,12666900
1184,2020-09-16,9.86,10.13,9.79,9.89,9.68047,9860900
1185,2020-09-17,9.73,9.92,9.66,9.79,9.582589,8716300
1186,2020-09-18,9.72,9.85,9.64,9.69,9.484708,19013800
1187,2020-09-21,9.48,9.54,9.09,9.16,8.965937,12605900
1188,2020-09-22,9.18,9.28,8.83,8.89,8.701657,10759300
1189,2020-09-23,8.94,9.11,8.68,8.69,8.505894,7296000
1190,2020-09-24,8.72,8.87,8.55,8.67,8.486318,6346400
1191,2020-09-25,8.55,8.84,8.52,8.82,8.63314,6537400
1192,2020-09-28,9.06,9.21,8.95,9.12,8.926785,6975800
1193,2020-09-29,9.08,9.18,8.88,9.05,8.858268,5997300
1194,2020-09-30,9.08,9.31,9.07,9.17,8.975724,8545100
1195,2020-10-01,9.29,9.29,9.06,9.15,8.956148,7566700
1196,2020-10-02,8.96,9.38,8.91,9.33,9.132335,9099500
1197,2020-10-05,9.45,9.68,9.38,9.67,9.465132,7164900
1198,2020-10-06,9.77,9.99,9.5,9.54,9.337886,8767900
1199,2020-10-07,9.68,9.99,9.68,9.88,9.670683,8277800
1200,2020-10-08,9.95,10.06,9.86,10.03,9.817505,5630300
1201,2020-10-09,10.06,10.16,9.81,9.85,9.641318,7694400
1202,2020-10-12,9.83,9.98,9.83,9.95,9.7392,5581300
1203,2020-10-13,9.92,9.92,9.55,9.56,9.357462,6099900
1204,2020-10-14,9.58,9.67,9.44,9.46,9.259581,6017000
1205,2020-10-15,9.38,9.69,9.3,9.66,9.455343,6063500
1206,2020-10-16,9.62,9.75,9.43,9.67,9.465132,5901500
1207,2020-10-19,9.67,9.78,9.51,9.52,9.31831,4826800
1208,2020-10-20,9.71,10.02,9.63,9.88,9.670683,7865700
1209,2020-10-21,9.82,9.88,9.62,9.69,9.484708,9932100
1210,2020-10-22,9.89,10.49,9.79,10.38,10.16009,10729000
1211,2020-10-23,10.5,10.56,10.18,10.47,10.248183,7551200
1212,2020-10-26,10.36,10.41,10.15,10.28,10.062208,7800300
1213,2020-10-27,10.22,10.25,9.93,9.94,9.729411,6038800
1214,2020-10-28,9.75,9.99,9.68,9.83,9.621742,10299400
1215,2020-10-29,9.8,10.21,9.66,10.14,9.925175,7523400
1216,2020-10-30,10.07,10.45,10.03,10.44,10.218818,8821400
1217,2020-11-02,10.6,10.91,10.37,10.81,10.58098,10387800
1218,2020-11-03,11.02,11.16,10.93,11.09,10.855047,9123200
1219,2020-11-04,10.66,10.66,10.06,10.08,9.866446,15944300
1220,2020-11-05,10.13,10.64,10.11,10.57,10.346064,7109700
1221,2020-11-06,10.68,10.68,10.07,10.15,9.934961,8503300
1222,2020-11-09,11.02,12.23,11.02,11.95,11.696828,21582600
1223,2020-11-10,12.0,12.34,11.79,12.13,11.873014,17185200
1224,2020-11-11,12.13,12.13,11.51,11.64,11.393395,8137500
1225,2020-11-12,11.45,11.52,11.11,11.29,11.05081,7496700
1226,2020-11-13,11.45,11.72,11.39,11.59,11.344456,6282700
1227,2020-11-16,12.11,12.32,11.92,12.03,11.775132,6532100
1228,2020-11-17,11.73,12.04,11.64,12.02,11.765346,5404000
1229,2020-11-18,12.16,12.25,11.87,11.87,11.618523,6340700
1230,2020-11-19,11.76,11.96,11.58,11.95,11.696828,5199000
1231,2020-11-20,11.87,11.92,11.7,11.75,11.501065,4463800
1232,2020-11-23,11.98,12.21,11.92,12.18,11.921956,6964300
1233,2020-11-24,12.47,12.96,12.4,12.93,12.656066,10930800
1234,2020-11-25,12.7,12.8,12.49,12.69,12.421149,7493400
1235,2020-11-27,12.76,12.76,12.37,12.46,12.196023,3931200
1236,2020-11-30,12.4,12.52,12.05,12.08,11.824074,12364200
1237,2020-12-01,12.51,12.6,12.34,12.5,12.235176,7614500
1238,2020-12-02,12.38,12.88,12.31,12.83,12.558185,9595400
1239,2020-12-03,12.89,13.09,12.75,12.98,12.705006,7935100
1240,2020-12-04,13.08,13.2,13.02,13.11,12.832252,8011300
1241,2020-12-07,13.02,13.04,12.81,13.01,12.734371,5532500
1242,2020-12-08,12.83,13.05,12.81,12.9,12.626701,8084300
1243,2020-12-09,13.0,13.23,12.83,12.91,12.636489,9150400
1244,2020-12-10,12.75,13.05,12.63,13.03,12.753947,8178200
1245,2020-12-11,12.84,13.0,12.78,12.93,12.656066,8445800
1246,2020-12-14,12.9,12.95,12.15,12.51,12.244964,36739600
1247,2020-12-15,12.7,12.71,12.37,12.59,12.323269,15836600
1248,2020-12-16,12.6,12.65,12.39,12.52,12.254752,13832900
1249,2020-12-17,12.31,12.44,12.0,12.34,12.225032,16954300
1250,2020-12-18,12.34,12.43,12.12,12.39,12.274566,28982500
1251,2020-12-21,12.38,12.62,12.21,12.26,12.145777,21485900
1252,2020-12-22,12.32,12.44,12.11,12.13,12.016988,11862600
1253,2020-12-23,12.24,12.47,12.19,12.45,12.334006,15787900
1254,2020-12-24,12.51,12.51,12.16,12.35,12.234939,4545200
1255,2020-12-28,12.39,12.53,12.21,12.46,12.343913,10554400
1256,2020-12-29,12.46,12.47,12.26,12.32,12.205217,11770900
1257,2020-12-30,12.36,12.59,12.33,12.56,12.442982,9731400
1258,2020-12-31,12.52,12.68,12.43,12.63,12.51233,8675400
